settlement_name,map_type,photo_thumb_url,wikipedia_article_url
Sima,megye_svg,https://upload.wikimedia.org/wikipedia/commons/thumb/6/63/Borsod-Abauj.svg/960px-Borsod-Abauj.svg.png,https://hu.wikipedia.org/wiki/Sima
Szögliget,megye_svg,https://upload.wikimedia.org/wikipedia/commons/thumb/6/63/Borsod-Abauj.svg/960px-Borsod-Abauj.svg.png,https://hu.wikipedia.org/wiki/Sz%C3%B6gliget
Maróc,location_map,https://upload.wikimedia.org/wikipedia/commons/thumb/7/7e/Zala_location_map.PNG/960px-Zala_location_map.PNG,https://hu.wikipedia.org/wiki/Mar%C3%B3c
Cserénfa,location_map,https://upload.wikimedia.org/wikipedia/commons/thumb/d/d5/Somogy_location_map.jpg/960px-Somogy_location_map.jpg,https://hu.wikipedia.org/wiki/Cser%C3%A9nfa
Zselicszentpál,location_map,https://upload.wikimedia.org/wikipedia/commons/thumb/d/d5/Somogy_location_map.jpg/960px-Somogy_location_map.jpg,https://hu.wikipedia.org/wiki/Zselicszentp%C3%A1l
Rákóczibánya,location_map,https://upload.wikimedia.org/wikipedia/commons/thumb/5/5e/Nograd_location_map.svg/960px-Nograd_location_map.svg.png,https://hu.wikipedia.org/wiki/R%C3%A1k%C3%B3czib%C3%A1nya
Pányok,megye_svg,https://upload.wikimedia.org/wikipedia/commons/thumb/6/63/Borsod-Abauj.svg/960px-Borsod-Abauj.svg.png,https://hu.wikipedia.org/wiki/P%C3%A1nyok
Kisbeszterce,megye_svg,https://upload.wikimedia.org/wikipedia/commons/thumb/4/4e/Map-of-Baranya.svg/960px-Map-of-Baranya.svg.png,https://hu.wikipedia.org/wiki/Kisbeszterce
Szentbalázs,location_map,https://upload.wikimedia.org/wikipedia/commons/thumb/d/d5/Somogy_location_map.jpg/960px-Somogy_location_map.jpg,https://hu.wikipedia.org/wiki/Szentbal%C3%A1zs
Füzérkajata,megye_svg,https://upload.wikimedia.org/wikipedia/commons/thumb/6/63/Borsod-Abauj.svg/960px-Borsod-Abauj.svg.png,https://hu.wikipedia.org/wiki/F%C3%BCz%C3%A9rkajata
Csonkahegyhát,location_map,https://upload.wikimedia.org/wikipedia/commons/thumb/7/7e/Zala_location_map.PNG/960px-Zala_location_map.PNG,https://hu.wikipedia.org/wiki/Csonkahegyh%C3%A1t
Baranyaszentgyörgy,megye_svg,https://upload.wikimedia.org/wikipedia/commons/thumb/4/4e/Map-of-Baranya.svg/960px-Map-of-Baranya.svg.png,https://hu.wikipedia.org/wiki/Baranyaszentgy%C3%B6rgy
Orbányosfa,location_map,https://upload.wikimedia.org/wikipedia/commons/thumb/7/7e/Zala_location_map.PNG/960px-Zala_location_map.PNG,https://hu.wikipedia.org/wiki/Orb%C3%A1nyosfa
Gyűrűs,location_map,https://upload.wikimedia.org/wikipedia/commons/thumb/7/7e/Zala_location_map.PNG/960px-Zala_location_map.PNG,https://hu.wikipedia.org/wiki/Gy%C5%B1r%C5%B1s
Dobronhegy,location_map,https://upload.wikimedia.org/wikipedia/commons/thumb/7/7e/Zala_location_map.PNG/960px-Zala_location_map.PNG,https://hu.wikipedia.org/wiki/Dobronhegy
Milejszeg,location_map,https://upload.wikimedia.org/wikipedia/commons/thumb/7/7e/Zala_location_map.PNG/960px-Zala_location_map.PNG,https://hu.wikipedia.org/wiki/Milejszeg
Nemessándorháza,location_map,https://upload.wikimedia.org/wikipedia/commons/thumb/7/7e/Zala_location_map.PNG/960px-Zala_location_map.PNG,https://hu.wikipedia.org/wiki/Nemess%C3%A1ndorh%C3%A1za
Gosztola,location_map,https://upload.wikimedia.org/wikipedia/commons/thumb/7/7e/Zala_location_map.PNG/960px-Zala_location_map.PNG,https://hu.wikipedia.org/wiki/Gosztola
Bánokszentgyörgy,location_map,https://upload.wikimedia.org/wikipedia/commons/thumb/7/7e/Zala_location_map.PNG/960px-Zala_location_map.PNG,https://hu.wikipedia.org/wiki/B%C3%A1nokszentgy%C3%B6rgy
Visnye,location_map,https://upload.wikimedia.org/wikipedia/commons/thumb/d/d5/Somogy_location_map.jpg/960px-Somogy_location_map.jpg,https://hu.wikipedia.org/wiki/Visnye
Egeraracsa,location_map,https://upload.wikimedia.org/wikipedia/commons/thumb/7/7e/Zala_location_map.PNG/960px-Zala_location_map.PNG,https://hu.wikipedia.org/wiki/Egeraracsa
Nagylengyel,location_map,https://upload.wikimedia.org/wikipedia/commons/thumb/7/7e/Zala_location_map.PNG/960px-Zala_location_map.PNG,https://hu.wikipedia.org/wiki/Nagylengyel
Pálfiszeg,location_map,https://upload.wikimedia.org/wikipedia/commons/thumb/7/7e/Zala_location_map.PNG/960px-Zala_location_map.PNG,https://hu.wikipedia.org/wiki/P%C3%A1lfiszeg
Palé,megye_svg,https://upload.wikimedia.org/wikipedia/commons/thumb/4/4e/Map-of-Baranya.svg/960px-Map-of-Baranya.svg.png,https://hu.wikipedia.org/wiki/Pal%C3%A9
Mindszentgodisa,megye_svg,https://upload.wikimedia.org/wikipedia/commons/thumb/4/4e/Map-of-Baranya.svg/960px-Map-of-Baranya.svg.png,https://hu.wikipedia.org/wiki/Mindszentgodisa
Gellénháza,location_map,https://upload.wikimedia.org/wikipedia/commons/thumb/7/7e/Zala_location_map.PNG/960px-Zala_location_map.PNG,https://hu.wikipedia.org/wiki/Gell%C3%A9nh%C3%A1za
Nemesszentandrás,location_map,https://upload.wikimedia.org/wikipedia/commons/thumb/7/7e/Zala_location_map.PNG/960px-Zala_location_map.PNG,https://hu.wikipedia.org/wiki/Nemesszentandr%C3%A1s
Gombosszeg,location_map,https://upload.wikimedia.org/wikipedia/commons/thumb/7/7e/Zala_location_map.PNG/960px-Zala_location_map.PNG,https://hu.wikipedia.org/wiki/Gombosszeg
Kaposszerdahely,location_map,https://upload.wikimedia.org/wikipedia/commons/thumb/d/d5/Somogy_location_map.jpg/960px-Somogy_location_map.jpg,https://hu.wikipedia.org/wiki/Kaposszerdahely
Nemespátró,location_map,https://upload.wikimedia.org/wikipedia/commons/thumb/7/7e/Zala_location_map.PNG/960px-Zala_location_map.PNG,https://hu.wikipedia.org/wiki/Nemesp%C3%A1tr%C3%B3
Petrikeresztúr,location_map,https://upload.wikimedia.org/wikipedia/commons/thumb/7/7e/Zala_location_map.PNG/960px-Zala_location_map.PNG,https://hu.wikipedia.org/wiki/Petrikereszt%C3%BAr
Tarrós,megye_svg,https://upload.wikimedia.org/wikipedia/commons/thumb/4/4e/Map-of-Baranya.svg/960px-Map-of-Baranya.svg.png,https://hu.wikipedia.org/wiki/Tarr%C3%B3s
Liszó,location_map,https://upload.wikimedia.org/wikipedia/commons/thumb/7/7e/Zala_location_map.PNG/960px-Zala_location_map.PNG,https://hu.wikipedia.org/wiki/Lisz%C3%B3
Pördefölde,location_map,https://upload.wikimedia.org/wikipedia/commons/thumb/7/7e/Zala_location_map.PNG/960px-Zala_location_map.PNG,https://hu.wikipedia.org/wiki/P%C3%B6rdef%C3%B6lde
Pethőhenye,location_map,https://upload.wikimedia.org/wikipedia/commons/thumb/7/7e/Zala_location_map.PNG/960px-Zala_location_map.PNG,https://hu.wikipedia.org/wiki/Peth%C5%91henye
Barlahida,location_map,https://upload.wikimedia.org/wikipedia/commons/thumb/7/7e/Zala_location_map.PNG/960px-Zala_location_map.PNG,https://hu.wikipedia.org/wiki/Barlahida
Vilyvitány,megye_svg,https://upload.wikimedia.org/wikipedia/commons/thumb/6/63/Borsod-Abauj.svg/960px-Borsod-Abauj.svg.png,https://hu.wikipedia.org/wiki/Vilyvit%C3%A1ny
Lickóvadamos,location_map,https://upload.wikimedia.org/wikipedia/commons/thumb/7/7e/Zala_location_map.PNG/960px-Zala_location_map.PNG,https://hu.wikipedia.org/wiki/Lick%C3%B3vadamos
Iborfia,location_map,https://upload.wikimedia.org/wikipedia/commons/thumb/7/7e/Zala_location_map.PNG/960px-Zala_location_map.PNG,https://hu.wikipedia.org/wiki/Iborfia
Pusztaapáti,location_map,https://upload.wikimedia.org/wikipedia/commons/thumb/7/7e/Zala_location_map.PNG/960px-Zala_location_map.PNG,https://hu.wikipedia.org/wiki/Pusztaap%C3%A1ti
Ormándlak,location_map,https://upload.wikimedia.org/wikipedia/commons/thumb/7/7e/Zala_location_map.PNG/960px-Zala_location_map.PNG,https://hu.wikipedia.org/wiki/Orm%C3%A1ndlak
Gagyvendégi,megye_svg,https://upload.wikimedia.org/wikipedia/commons/thumb/6/63/Borsod-Abauj.svg/960px-Borsod-Abauj.svg.png,https://hu.wikipedia.org/wiki/Gagyvend%C3%A9gi
Borsodgeszt,megye_svg,https://upload.wikimedia.org/wikipedia/commons/thumb/6/63/Borsod-Abauj.svg/960px-Borsod-Abauj.svg.png,https://hu.wikipedia.org/wiki/Borsodgeszt
Gagybátor,megye_svg,https://upload.wikimedia.org/wikipedia/commons/thumb/6/63/Borsod-Abauj.svg/960px-Borsod-Abauj.svg.png,https://hu.wikipedia.org/wiki/Gagyb%C3%A1tor
Vázsnok,megye_svg,https://upload.wikimedia.org/wikipedia/commons/thumb/4/4e/Map-of-Baranya.svg/960px-Map-of-Baranya.svg.png,https://hu.wikipedia.org/wiki/V%C3%A1zsnok
Dötk,location_map,https://upload.wikimedia.org/wikipedia/commons/thumb/7/7e/Zala_location_map.PNG/960px-Zala_location_map.PNG,https://hu.wikipedia.org/wiki/D%C3%B6tk
Surd,location_map,https://upload.wikimedia.org/wikipedia/commons/thumb/7/7e/Zala_location_map.PNG/960px-Zala_location_map.PNG,https://hu.wikipedia.org/wiki/Surd
Nagygörbő,location_map,https://upload.wikimedia.org/wikipedia/commons/thumb/7/7e/Zala_location_map.PNG/960px-Zala_location_map.PNG,https://hu.wikipedia.org/wiki/Nagyg%C3%B6rb%C5%91
Karmacs,location_map,https://upload.wikimedia.org/wikipedia/commons/thumb/7/7e/Zala_location_map.PNG/960px-Zala_location_map.PNG,https://hu.wikipedia.org/wiki/Karmacs
Alibánfa,location_map,https://upload.wikimedia.org/wikipedia/commons/thumb/7/7e/Zala_location_map.PNG/960px-Zala_location_map.PNG,https://hu.wikipedia.org/wiki/Alib%C3%A1nfa
Iharos,location_map,https://upload.wikimedia.org/wikipedia/commons/thumb/d/d5/Somogy_location_map.jpg/960px-Somogy_location_map.jpg,https://hu.wikipedia.org/wiki/Iharos
Ortaháza,location_map,https://upload.wikimedia.org/wikipedia/commons/thumb/7/7e/Zala_location_map.PNG/960px-Zala_location_map.PNG,https://hu.wikipedia.org/wiki/Ortah%C3%A1za
Vöckönd,location_map,https://upload.wikimedia.org/wikipedia/commons/thumb/7/7e/Zala_location_map.PNG/960px-Zala_location_map.PNG,https://hu.wikipedia.org/wiki/V%C3%B6ck%C3%B6nd
Homrogd,megye_svg,https://upload.wikimedia.org/wikipedia/commons/thumb/6/63/Borsod-Abauj.svg/960px-Borsod-Abauj.svg.png,https://hu.wikipedia.org/wiki/Homrogd
Alsóvadász,megye_svg,https://upload.wikimedia.org/wikipedia/commons/thumb/6/63/Borsod-Abauj.svg/960px-Borsod-Abauj.svg.png,https://hu.wikipedia.org/wiki/Als%C3%B3vad%C3%A1sz
Kozmadombja,location_map,https://upload.wikimedia.org/wikipedia/commons/thumb/7/7e/Zala_location_map.PNG/960px-Zala_location_map.PNG,https://hu.wikipedia.org/wiki/Kozmadombja
Csurgónagymarton,location_map,https://upload.wikimedia.org/wikipedia/commons/thumb/d/d5/Somogy_location_map.jpg/960px-Somogy_location_map.jpg,https://hu.wikipedia.org/wiki/Csurg%C3%B3nagymarton
Vindornyafok,location_map,https://upload.wikimedia.org/wikipedia/commons/thumb/7/7e/Zala_location_map.PNG/960px-Zala_location_map.PNG,https://hu.wikipedia.org/wiki/Vindornyafok
Gősfa,location_map,https://upload.wikimedia.org/wikipedia/commons/thumb/7/7e/Zala_location_map.PNG/960px-Zala_location_map.PNG,https://hu.wikipedia.org/wiki/G%C5%91sfa
Kálócfa,location_map,https://upload.wikimedia.org/wikipedia/commons/thumb/7/7e/Zala_location_map.PNG/960px-Zala_location_map.PNG,https://hu.wikipedia.org/wiki/K%C3%A1l%C3%B3cfa
Döbröce,location_map,https://upload.wikimedia.org/wikipedia/commons/thumb/7/7e/Zala_location_map.PNG/960px-Zala_location_map.PNG,https://hu.wikipedia.org/wiki/D%C3%B6br%C3%B6ce
Rásonysápberencs,megye_svg,https://upload.wikimedia.org/wikipedia/commons/thumb/6/63/Borsod-Abauj.svg/960px-Borsod-Abauj.svg.png,https://hu.wikipedia.org/wiki/R%C3%A1sonys%C3%A1pberencs
Hernádszurdok,megye_svg,https://upload.wikimedia.org/wikipedia/commons/thumb/6/63/Borsod-Abauj.svg/960px-Borsod-Abauj.svg.png,https://hu.wikipedia.org/wiki/Hern%C3%A1dszurdok
Zebecke,location_map,https://upload.wikimedia.org/wikipedia/commons/thumb/7/7e/Zala_location_map.PNG/960px-Zala_location_map.PNG,https://hu.wikipedia.org/wiki/Zebecke
Porrogszentkirály,location_map,https://upload.wikimedia.org/wikipedia/commons/thumb/d/d5/Somogy_location_map.jpg/960px-Somogy_location_map.jpg,https://hu.wikipedia.org/wiki/Porrogszentkir%C3%A1ly
Esztergályhorváti,location_map,https://upload.wikimedia.org/wikipedia/commons/thumb/7/7e/Zala_location_map.PNG/960px-Zala_location_map.PNG,https://hu.wikipedia.org/wiki/Eszterg%C3%A1lyhorv%C3%A1ti
Kőkút,location_map,https://upload.wikimedia.org/wikipedia/commons/thumb/d/d5/Somogy_location_map.jpg/960px-Somogy_location_map.jpg,https://hu.wikipedia.org/wiki/K%C5%91k%C3%BAt
Mikekarácsonyfa,location_map,https://upload.wikimedia.org/wikipedia/commons/thumb/7/7e/Zala_location_map.PNG/960px-Zala_location_map.PNG,https://hu.wikipedia.org/wiki/Mikekar%C3%A1csonyfa
Hernyék,location_map,https://upload.wikimedia.org/wikipedia/commons/thumb/7/7e/Zala_location_map.PNG/960px-Zala_location_map.PNG,https://hu.wikipedia.org/wiki/Herny%C3%A9k
Szegilong,megye_svg,https://upload.wikimedia.org/wikipedia/commons/thumb/6/63/Borsod-Abauj.svg/960px-Borsod-Abauj.svg.png,https://hu.wikipedia.org/wiki/Szegilong
Szentkozmadombja,location_map,https://upload.wikimedia.org/wikipedia/commons/thumb/7/7e/Zala_location_map.PNG/960px-Zala_location_map.PNG,https://hu.wikipedia.org/wiki/Szentkozmadombja
Vasboldogasszony,location_map,https://upload.wikimedia.org/wikipedia/commons/thumb/7/7e/Zala_location_map.PNG/960px-Zala_location_map.PNG,https://hu.wikipedia.org/wiki/Vasboldogasszony
Garabonc,location_map,https://upload.wikimedia.org/wikipedia/commons/thumb/7/7e/Zala_location_map.PNG/960px-Zala_location_map.PNG,https://hu.wikipedia.org/wiki/Garabonc
Pórszombat,location_map,https://upload.wikimedia.org/wikipedia/commons/thumb/7/7e/Zala_location_map.PNG/960px-Zala_location_map.PNG,https://hu.wikipedia.org/wiki/P%C3%B3rszombat
Lakhegy,location_map,https://upload.wikimedia.org/wikipedia/commons/thumb/7/7e/Zala_location_map.PNG/960px-Zala_location_map.PNG,https://hu.wikipedia.org/wiki/Lakhegy
Nagykutas,location_map,https://upload.wikimedia.org/wikipedia/commons/thumb/7/7e/Zala_location_map.PNG/960px-Zala_location_map.PNG,https://hu.wikipedia.org/wiki/Nagykutas
Zalaszentlőrinc,location_map,https://upload.wikimedia.org/wikipedia/commons/thumb/7/7e/Zala_location_map.PNG/960px-Zala_location_map.PNG,https://hu.wikipedia.org/wiki/Zalaszentl%C5%91rinc
Somogyviszló,megye_svg,https://upload.wikimedia.org/wikipedia/commons/thumb/4/4e/Map-of-Baranya.svg/960px-Map-of-Baranya.svg.png,https://hu.wikipedia.org/wiki/Somogyviszl%C3%B3
Sümegcsehi,location_map,https://upload.wikimedia.org/wikipedia/commons/thumb/7/7e/Zala_location_map.PNG/960px-Zala_location_map.PNG,https://hu.wikipedia.org/wiki/S%C3%BCmegcsehi
Kispáli,location_map,https://upload.wikimedia.org/wikipedia/commons/thumb/7/7e/Zala_location_map.PNG/960px-Zala_location_map.PNG,https://hu.wikipedia.org/wiki/Kisp%C3%A1li
Kissziget,location_map,https://upload.wikimedia.org/wikipedia/commons/thumb/7/7e/Zala_location_map.PNG/960px-Zala_location_map.PNG,https://hu.wikipedia.org/wiki/Kissziget
Kelevíz,location_map,https://upload.wikimedia.org/wikipedia/commons/thumb/d/d5/Somogy_location_map.jpg/960px-Somogy_location_map.jpg,https://hu.wikipedia.org/wiki/Kelev%C3%ADz
Nyugotszenterzsébet,megye_svg,https://upload.wikimedia.org/wikipedia/commons/thumb/4/4e/Map-of-Baranya.svg/960px-Map-of-Baranya.svg.png,https://hu.wikipedia.org/wiki/Nyugotszenterzs%C3%A9bet
Nagyszakácsi,location_map,https://upload.wikimedia.org/wikipedia/commons/thumb/d/d5/Somogy_location_map.jpg/960px-Somogy_location_map.jpg,https://hu.wikipedia.org/wiki/Nagyszak%C3%A1csi
Kiskutas,location_map,https://upload.wikimedia.org/wikipedia/commons/thumb/7/7e/Zala_location_map.PNG/960px-Zala_location_map.PNG,https://hu.wikipedia.org/wiki/Kiskutas
Nemeskisfalud,location_map,https://upload.wikimedia.org/wikipedia/commons/thumb/d/d5/Somogy_location_map.jpg/960px-Somogy_location_map.jpg,https://hu.wikipedia.org/wiki/Nemeskisfalud
Inke,location_map,https://upload.wikimedia.org/wikipedia/commons/thumb/d/d5/Somogy_location_map.jpg/960px-Somogy_location_map.jpg,https://hu.wikipedia.org/wiki/Inke
Fityeház,location_map,https://upload.wikimedia.org/wikipedia/commons/thumb/7/7e/Zala_location_map.PNG/960px-Zala_location_map.PNG,https://hu.wikipedia.org/wiki/Fityeh%C3%A1z
Alsóregmec,megye_svg,https://upload.wikimedia.org/wikipedia/commons/thumb/6/63/Borsod-Abauj.svg/960px-Borsod-Abauj.svg.png,https://hu.wikipedia.org/wiki/Als%C3%B3regmec
Homokszentgyörgy,location_map,https://upload.wikimedia.org/wikipedia/commons/thumb/d/d5/Somogy_location_map.jpg/960px-Somogy_location_map.jpg,https://hu.wikipedia.org/wiki/Homokszentgy%C3%B6rgy
Varászló,location_map,https://upload.wikimedia.org/wikipedia/commons/thumb/d/d5/Somogy_location_map.jpg/960px-Somogy_location_map.jpg,https://hu.wikipedia.org/wiki/Var%C3%A1szl%C3%B3
Bakonypölöske,location_map,https://upload.wikimedia.org/wikipedia/commons/thumb/1/12/Veszpr%C3%A9m_location_map.PNG/960px-Veszpr%C3%A9m_location_map.PNG,https://hu.wikipedia.org/wiki/Bakonyp%C3%B6l%C3%B6ske
Szulok,location_map,https://upload.wikimedia.org/wikipedia/commons/thumb/d/d5/Somogy_location_map.jpg/960px-Somogy_location_map.jpg,https://hu.wikipedia.org/wiki/Szulok
Patosfa,location_map,https://upload.wikimedia.org/wikipedia/commons/thumb/d/d5/Somogy_location_map.jpg/960px-Somogy_location_map.jpg,https://hu.wikipedia.org/wiki/Patosfa
Taktakenéz,megye_svg,https://upload.wikimedia.org/wikipedia/commons/thumb/6/63/Borsod-Abauj.svg/960px-Borsod-Abauj.svg.png,https://hu.wikipedia.org/wiki/Taktaken%C3%A9z
Vése,location_map,https://upload.wikimedia.org/wikipedia/commons/thumb/d/d5/Somogy_location_map.jpg/960px-Somogy_location_map.jpg,https://hu.wikipedia.org/wiki/V%C3%A9se
Marócsa,megye_svg,https://upload.wikimedia.org/wikipedia/commons/thumb/4/4e/Map-of-Baranya.svg/960px-Map-of-Baranya.svg.png,https://hu.wikipedia.org/wiki/Mar%C3%B3csa
Babarcszőlős,megye_svg,https://upload.wikimedia.org/wikipedia/commons/thumb/4/4e/Map-of-Baranya.svg/960px-Map-of-Baranya.svg.png,https://hu.wikipedia.org/wiki/Babarcsz%C5%91l%C5%91s
Tekenye,location_map,https://upload.wikimedia.org/wikipedia/commons/thumb/7/7e/Zala_location_map.PNG/960px-Zala_location_map.PNG,https://hu.wikipedia.org/wiki/Tekenye
Oroszi,location_map,https://upload.wikimedia.org/wikipedia/commons/thumb/1/12/Veszpr%C3%A9m_location_map.PNG/960px-Veszpr%C3%A9m_location_map.PNG,https://hu.wikipedia.org/wiki/Oroszi
Nemesdéd,location_map,https://upload.wikimedia.org/wikipedia/commons/thumb/d/d5/Somogy_location_map.jpg/960px-Somogy_location_map.jpg,https://hu.wikipedia.org/wiki/Nemesd%C3%A9d
Besence,megye_svg,https://upload.wikimedia.org/wikipedia/commons/thumb/4/4e/Map-of-Baranya.svg/960px-Map-of-Baranya.svg.png,https://hu.wikipedia.org/wiki/Besence
Balotaszállás,location_map,https://upload.wikimedia.org/wikipedia/commons/thumb/7/78/Bacs-Kiskun_location_map.jpg/960px-Bacs-Kiskun_location_map.jpg,https://hu.wikipedia.org/wiki/Balotasz%C3%A1ll%C3%A1s
Kunbaracs,location_map,https://upload.wikimedia.org/wikipedia/commons/thumb/7/78/Bacs-Kiskun_location_map.jpg/960px-Bacs-Kiskun_location_map.jpg,https://hu.wikipedia.org/wiki/Kunbaracs
Jákó,location_map,https://upload.wikimedia.org/wikipedia/commons/thumb/d/d5/Somogy_location_map.jpg/960px-Somogy_location_map.jpg,https://hu.wikipedia.org/wiki/J%C3%A1k%C3%B3
Pusztamiske,location_map,https://upload.wikimedia.org/wikipedia/commons/thumb/1/12/Veszpr%C3%A9m_location_map.PNG/960px-Veszpr%C3%A9m_location_map.PNG,https://hu.wikipedia.org/wiki/Pusztamiske
Somogyhatvan,megye_svg,https://upload.wikimedia.org/wikipedia/commons/thumb/4/4e/Map-of-Baranya.svg/960px-Map-of-Baranya.svg.png,https://hu.wikipedia.org/wiki/Somogyhatvan
Lakócsa,location_map,https://upload.wikimedia.org/wikipedia/commons/thumb/d/d5/Somogy_location_map.jpg/960px-Somogy_location_map.jpg,https://hu.wikipedia.org/wiki/Lak%C3%B3csa
Drávakeresztúr,megye_svg,https://upload.wikimedia.org/wikipedia/commons/thumb/4/4e/Map-of-Baranya.svg/960px-Map-of-Baranya.svg.png,https://hu.wikipedia.org/wiki/Dr%C3%A1vakereszt%C3%BAr
Kisdobsza,megye_svg,https://upload.wikimedia.org/wikipedia/commons/thumb/4/4e/Map-of-Baranya.svg/960px-Map-of-Baranya.svg.png,https://hu.wikipedia.org/wiki/Kisdobsza
Újléta,location_map,https://upload.wikimedia.org/wikipedia/commons/thumb/4/4d/Hajdu-Bihar_location_map.PNG/960px-Hajdu-Bihar_location_map.PNG,https://hu.wikipedia.org/wiki/%C3%9Ajl%C3%A9ta
Endrőc,megye_svg,https://upload.wikimedia.org/wikipedia/commons/thumb/4/4e/Map-of-Baranya.svg/960px-Map-of-Baranya.svg.png,https://hu.wikipedia.org/wiki/Endr%C5%91c
Pápasalamon,location_map,https://upload.wikimedia.org/wikipedia/commons/thumb/1/12/Veszpr%C3%A9m_location_map.PNG/960px-Veszpr%C3%A9m_location_map.PNG,https://hu.wikipedia.org/wiki/P%C3%A1pasalamon
Ladánybene,location_map,https://upload.wikimedia.org/wikipedia/commons/thumb/7/78/Bacs-Kiskun_location_map.jpg/960px-Bacs-Kiskun_location_map.jpg,https://hu.wikipedia.org/wiki/Lad%C3%A1nybene
Velény,megye_svg,https://upload.wikimedia.org/wikipedia/commons/thumb/4/4e/Map-of-Baranya.svg/960px-Map-of-Baranya.svg.png,https://hu.wikipedia.org/wiki/Vel%C3%A9ny
Komlósd,location_map,https://upload.wikimedia.org/wikipedia/commons/thumb/d/d5/Somogy_location_map.jpg/960px-Somogy_location_map.jpg,https://hu.wikipedia.org/wiki/Koml%C3%B3sd
Drávagárdony,location_map,https://upload.wikimedia.org/wikipedia/commons/thumb/d/d5/Somogy_location_map.jpg/960px-Somogy_location_map.jpg,https://hu.wikipedia.org/wiki/Dr%C3%A1vag%C3%A1rdony
Siklósbodony,megye_svg,https://upload.wikimedia.org/wikipedia/commons/thumb/4/4e/Map-of-Baranya.svg/960px-Map-of-Baranya.svg.png,https://hu.wikipedia.org/wiki/Sikl%C3%B3sbodony
Nyírgelse,location_map,https://upload.wikimedia.org/wikipedia/commons/thumb/2/2b/Szabolcs-Szatmar_Bereg_location_map.svg/960px-Szabolcs-Szatmar_Bereg_location_map.svg.png,https://hu.wikipedia.org/wiki/Ny%C3%ADrgelse
Kákics,megye_svg,https://upload.wikimedia.org/wikipedia/commons/thumb/4/4e/Map-of-Baranya.svg/960px-Map-of-Baranya.svg.png,https://hu.wikipedia.org/wiki/K%C3%A1kics
Piskó,megye_svg,https://upload.wikimedia.org/wikipedia/commons/thumb/4/4e/Map-of-Baranya.svg/960px-Map-of-Baranya.svg.png,https://hu.wikipedia.org/wiki/Pisk%C3%B3
Nemesnép,location_map,https://upload.wikimedia.org/wikipedia/commons/thumb/7/7e/Zala_location_map.PNG/960px-Zala_location_map.PNG,https://hu.wikipedia.org/wiki/Nemesn%C3%A9p
Csoma,location_map,https://upload.wikimedia.org/wikipedia/commons/thumb/d/d5/Somogy_location_map.jpg/960px-Somogy_location_map.jpg,https://hu.wikipedia.org/wiki/Csoma
Markóc,megye_svg,https://upload.wikimedia.org/wikipedia/commons/thumb/4/4e/Map-of-Baranya.svg/960px-Map-of-Baranya.svg.png,https://hu.wikipedia.org/wiki/Mark%C3%B3c
Kemse,megye_svg,https://upload.wikimedia.org/wikipedia/commons/thumb/4/4e/Map-of-Baranya.svg/960px-Map-of-Baranya.svg.png,https://hu.wikipedia.org/wiki/Kemse
Móricgát,location_map,https://upload.wikimedia.org/wikipedia/commons/thumb/7/78/Bacs-Kiskun_location_map.jpg/960px-Bacs-Kiskun_location_map.jpg,https://hu.wikipedia.org/wiki/M%C3%B3ricg%C3%A1t
Vejti,megye_svg,https://upload.wikimedia.org/wikipedia/commons/thumb/4/4e/Map-of-Baranya.svg/960px-Map-of-Baranya.svg.png,https://hu.wikipedia.org/wiki/Vejti
Sámod,megye_svg,https://upload.wikimedia.org/wikipedia/commons/thumb/4/4e/Map-of-Baranya.svg/960px-Map-of-Baranya.svg.png,https://hu.wikipedia.org/wiki/S%C3%A1mod
Bolhó,location_map,https://upload.wikimedia.org/wikipedia/commons/thumb/d/d5/Somogy_location_map.jpg/960px-Somogy_location_map.jpg,https://hu.wikipedia.org/wiki/Bolh%C3%B3
Kisszentmárton,megye_svg,https://upload.wikimedia.org/wikipedia/commons/thumb/4/4e/Map-of-Baranya.svg/960px-Map-of-Baranya.svg.png,https://hu.wikipedia.org/wiki/Kisszentm%C3%A1rton
Heresznye,location_map,https://upload.wikimedia.org/wikipedia/commons/thumb/d/d5/Somogy_location_map.jpg/960px-Somogy_location_map.jpg,https://hu.wikipedia.org/wiki/Heresznye
Páprád,megye_svg,https://upload.wikimedia.org/wikipedia/commons/thumb/4/4e/Map-of-Baranya.svg/960px-Map-of-Baranya.svg.png,https://hu.wikipedia.org/wiki/P%C3%A1pr%C3%A1d
Potony,location_map,https://upload.wikimedia.org/wikipedia/commons/thumb/d/d5/Somogy_location_map.jpg/960px-Somogy_location_map.jpg,https://hu.wikipedia.org/wiki/Potony
Encsencs,location_map,https://upload.wikimedia.org/wikipedia/commons/thumb/2/2b/Szabolcs-Szatmar_Bereg_location_map.svg/960px-Szabolcs-Szatmar_Bereg_location_map.svg.png,https://hu.wikipedia.org/wiki/Encsencs
Baranyahídvég,megye_svg,https://upload.wikimedia.org/wikipedia/commons/thumb/4/4e/Map-of-Baranya.svg/960px-Map-of-Baranya.svg.png,https://hu.wikipedia.org/wiki/Baranyah%C3%ADdv%C3%A9g
Hirics,megye_svg,https://upload.wikimedia.org/wikipedia/commons/thumb/4/4e/Map-of-Baranya.svg/960px-Map-of-Baranya.svg.png,https://hu.wikipedia.org/wiki/Hirics
Keléd,location_map,https://upload.wikimedia.org/wikipedia/commons/thumb/a/ac/Vas_location_map.PNG/960px-Vas_location_map.PNG,https://hu.wikipedia.org/wiki/Kel%C3%A9d
Teklafalu,megye_svg,https://upload.wikimedia.org/wikipedia/commons/thumb/4/4e/Map-of-Baranya.svg/960px-Map-of-Baranya.svg.png,https://hu.wikipedia.org/wiki/Teklafalu
Basal,megye_svg,https://upload.wikimedia.org/wikipedia/commons/thumb/4/4e/Map-of-Baranya.svg/960px-Map-of-Baranya.svg.png,https://hu.wikipedia.org/wiki/Basal
Magy,location_map,https://upload.wikimedia.org/wikipedia/commons/thumb/2/2b/Szabolcs-Szatmar_Bereg_location_map.svg/960px-Szabolcs-Szatmar_Bereg_location_map.svg.png,https://hu.wikipedia.org/wiki/Magy
Nyírkércs,location_map,https://upload.wikimedia.org/wikipedia/commons/thumb/2/2b/Szabolcs-Szatmar_Bereg_location_map.svg/960px-Szabolcs-Szatmar_Bereg_location_map.svg.png,https://hu.wikipedia.org/wiki/Ny%C3%ADrk%C3%A9rcs
Pusztamérges,location_map,https://upload.wikimedia.org/wikipedia/commons/thumb/4/42/Csongrad_location_map.svg/960px-Csongrad_location_map.svg.png,https://hu.wikipedia.org/wiki/Pusztam%C3%A9rges
Rém,location_map,https://upload.wikimedia.org/wikipedia/commons/thumb/7/78/Bacs-Kiskun_location_map.jpg/960px-Bacs-Kiskun_location_map.jpg,https://hu.wikipedia.org/wiki/R%C3%A9m
Kerkabarabás,location_map,https://upload.wikimedia.org/wikipedia/commons/thumb/7/7e/Zala_location_map.PNG/960px-Zala_location_map.PNG,https://hu.wikipedia.org/wiki/Kerkabarab%C3%A1s
Helvécia,location_map,https://upload.wikimedia.org/wikipedia/commons/thumb/7/78/Bacs-Kiskun_location_map.jpg/960px-Bacs-Kiskun_location_map.jpg,https://hu.wikipedia.org/wiki/Helv%C3%A9cia
Zalaerdőd,location_map,https://upload.wikimedia.org/wikipedia/commons/thumb/1/12/Veszpr%C3%A9m_location_map.PNG/960px-Veszpr%C3%A9m_location_map.PNG,https://hu.wikipedia.org/wiki/Zalaerd%C5%91d
Szentborbás,location_map,https://upload.wikimedia.org/wikipedia/commons/thumb/d/d5/Somogy_location_map.jpg/960px-Somogy_location_map.jpg,https://hu.wikipedia.org/wiki/Szentborb%C3%A1s
Patalom,location_map,https://upload.wikimedia.org/wikipedia/commons/thumb/d/d5/Somogy_location_map.jpg/960px-Somogy_location_map.jpg,https://hu.wikipedia.org/wiki/Patalom
Bürüs,megye_svg,https://upload.wikimedia.org/wikipedia/commons/thumb/4/4e/Map-of-Baranya.svg/960px-Map-of-Baranya.svg.png,https://hu.wikipedia.org/wiki/B%C3%BCr%C3%BCs
Újkenéz,location_map,https://upload.wikimedia.org/wikipedia/commons/thumb/2/2b/Szabolcs-Szatmar_Bereg_location_map.svg/960px-Szabolcs-Szatmar_Bereg_location_map.svg.png,https://hu.wikipedia.org/wiki/%C3%9Ajken%C3%A9z
Szank,location_map,https://upload.wikimedia.org/wikipedia/commons/thumb/7/78/Bacs-Kiskun_location_map.jpg/960px-Bacs-Kiskun_location_map.jpg,https://hu.wikipedia.org/wiki/Szank
Imrehegy,location_map,https://upload.wikimedia.org/wikipedia/commons/thumb/7/78/Bacs-Kiskun_location_map.jpg/960px-Bacs-Kiskun_location_map.jpg,https://hu.wikipedia.org/wiki/Imrehegy
Ágasegyháza,location_map,https://upload.wikimedia.org/wikipedia/commons/thumb/7/78/Bacs-Kiskun_location_map.jpg/960px-Bacs-Kiskun_location_map.jpg,https://hu.wikipedia.org/wiki/%C3%81gasegyh%C3%A1za
Bácsszőlős,location_map,https://upload.wikimedia.org/wikipedia/commons/thumb/7/78/Bacs-Kiskun_location_map.jpg/960px-Bacs-Kiskun_location_map.jpg,https://hu.wikipedia.org/wiki/B%C3%A1cssz%C5%91l%C5%91s
Nyírlövő,location_map,https://upload.wikimedia.org/wikipedia/commons/thumb/2/2b/Szabolcs-Szatmar_Bereg_location_map.svg/960px-Szabolcs-Szatmar_Bereg_location_map.svg.png,https://hu.wikipedia.org/wiki/Ny%C3%ADrl%C3%B6v%C5%91
Göncruszka,megye_svg,https://upload.wikimedia.org/wikipedia/commons/thumb/6/63/Borsod-Abauj.svg/960px-Borsod-Abauj.svg.png,https://hu.wikipedia.org/wiki/G%C3%B6ncruszka
Piricse,location_map,https://upload.wikimedia.org/wikipedia/commons/thumb/2/2b/Szabolcs-Szatmar_Bereg_location_map.svg/960px-Szabolcs-Szatmar_Bereg_location_map.svg.png,https://hu.wikipedia.org/wiki/Piricse
Gilvánfa,megye_svg,https://upload.wikimedia.org/wikipedia/commons/thumb/4/4e/Map-of-Baranya.svg/960px-Map-of-Baranya.svg.png,https://hu.wikipedia.org/wiki/Gilv%C3%A1nfa
Zalameggyes,location_map,https://upload.wikimedia.org/wikipedia/commons/thumb/1/12/Veszpr%C3%A9m_location_map.PNG/960px-Veszpr%C3%A9m_location_map.PNG,https://hu.wikipedia.org/wiki/Zalameggyes
Himod,location_map,https://upload.wikimedia.org/wikipedia/commons/thumb/f/f0/Gyor-Moson-Sopron_location_map.PNG/960px-Gyor-Moson-Sopron_location_map.PNG,https://hu.wikipedia.org/wiki/Himod
Bugacpusztaháza,location_map,https://upload.wikimedia.org/wikipedia/commons/thumb/7/78/Bacs-Kiskun_location_map.jpg/960px-Bacs-Kiskun_location_map.jpg,https://hu.wikipedia.org/wiki/Bugacpusztah%C3%A1za
Timár,location_map,https://upload.wikimedia.org/wikipedia/commons/thumb/2/2b/Szabolcs-Szatmar_Bereg_location_map.svg/960px-Szabolcs-Szatmar_Bereg_location_map.svg.png,https://hu.wikipedia.org/wiki/Tim%C3%A1r
Lendvajakabfa,location_map,https://upload.wikimedia.org/wikipedia/commons/thumb/7/7e/Zala_location_map.PNG/960px-Zala_location_map.PNG,https://hu.wikipedia.org/wiki/Lendvajakabfa
Besenyőd,location_map,https://upload.wikimedia.org/wikipedia/commons/thumb/2/2b/Szabolcs-Szatmar_Bereg_location_map.svg/960px-Szabolcs-Szatmar_Bereg_location_map.svg.png,https://hu.wikipedia.org/wiki/Beseny%C5%91d
Csobaj,megye_svg,https://upload.wikimedia.org/wikipedia/commons/thumb/6/63/Borsod-Abauj.svg/960px-Borsod-Abauj.svg.png,https://hu.wikipedia.org/wiki/Csobaj
Rohod,location_map,https://upload.wikimedia.org/wikipedia/commons/thumb/2/2b/Szabolcs-Szatmar_Bereg_location_map.svg/960px-Szabolcs-Szatmar_Bereg_location_map.svg.png,https://hu.wikipedia.org/wiki/Rohod
Mezőladány,location_map,https://upload.wikimedia.org/wikipedia/commons/thumb/2/2b/Szabolcs-Szatmar_Bereg_location_map.svg/960px-Szabolcs-Szatmar_Bereg_location_map.svg.png,https://hu.wikipedia.org/wiki/Mez%C5%91lad%C3%A1ny
Borgáta,location_map,https://upload.wikimedia.org/wikipedia/commons/thumb/a/ac/Vas_location_map.PNG/960px-Vas_location_map.PNG,https://hu.wikipedia.org/wiki/Borg%C3%A1ta
Kastélyosdombó,location_map,https://upload.wikimedia.org/wikipedia/commons/thumb/d/d5/Somogy_location_map.jpg/960px-Somogy_location_map.jpg,https://hu.wikipedia.org/wiki/Kast%C3%A9lyosdomb%C3%B3
Tázlár,location_map,https://upload.wikimedia.org/wikipedia/commons/thumb/7/78/Bacs-Kiskun_location_map.jpg/960px-Bacs-Kiskun_location_map.jpg,https://hu.wikipedia.org/wiki/T%C3%A1zl%C3%A1r
Tornyospálca,location_map,https://upload.wikimedia.org/wikipedia/commons/thumb/2/2b/Szabolcs-Szatmar_Bereg_location_map.svg/960px-Szabolcs-Szatmar_Bereg_location_map.svg.png,https://hu.wikipedia.org/wiki/Tornyosp%C3%A1lca
Kaskantyú,location_map,https://upload.wikimedia.org/wikipedia/commons/thumb/7/78/Bacs-Kiskun_location_map.jpg/960px-Bacs-Kiskun_location_map.jpg,https://hu.wikipedia.org/wiki/Kaskanty%C3%BA
Egyházaskesző,location_map,https://upload.wikimedia.org/wikipedia/commons/thumb/1/12/Veszpr%C3%A9m_location_map.PNG/960px-Veszpr%C3%A9m_location_map.PNG,https://hu.wikipedia.org/wiki/Egyh%C3%A1zaskesz%C5%91
Kemeneskápolna,location_map,https://upload.wikimedia.org/wikipedia/commons/thumb/a/ac/Vas_location_map.PNG/960px-Vas_location_map.PNG,https://hu.wikipedia.org/wiki/Kemenesk%C3%A1polna
Nagyváty,megye_svg,https://upload.wikimedia.org/wikipedia/commons/thumb/4/4e/Map-of-Baranya.svg/960px-Map-of-Baranya.svg.png,https://hu.wikipedia.org/wiki/Nagyv%C3%A1ty
Hosztót,location_map,https://upload.wikimedia.org/wikipedia/commons/thumb/1/12/Veszpr%C3%A9m_location_map.PNG/960px-Veszpr%C3%A9m_location_map.PNG,https://hu.wikipedia.org/wiki/Hoszt%C3%B3t
Csikéria,location_map,https://upload.wikimedia.org/wikipedia/commons/thumb/7/78/Bacs-Kiskun_location_map.jpg/960px-Bacs-Kiskun_location_map.jpg,https://hu.wikipedia.org/wiki/Csik%C3%A9ria
Bodonhely,location_map,https://upload.wikimedia.org/wikipedia/commons/thumb/f/f0/Gyor-Moson-Sopron_location_map.PNG/960px-Gyor-Moson-Sopron_location_map.PNG,https://hu.wikipedia.org/wiki/Bodonhely
Gyüre,location_map,https://upload.wikimedia.org/wikipedia/commons/thumb/2/2b/Szabolcs-Szatmar_Bereg_location_map.svg/960px-Szabolcs-Szatmar_Bereg_location_map.svg.png,https://hu.wikipedia.org/wiki/Gy%C3%BCre
Üllés,location_map,https://upload.wikimedia.org/wikipedia/commons/thumb/4/42/Csongrad_location_map.svg/960px-Csongrad_location_map.svg.png,https://hu.wikipedia.org/wiki/%C3%9Cll%C3%A9s
Sényő,location_map,https://upload.wikimedia.org/wikipedia/commons/thumb/2/2b/Szabolcs-Szatmar_Bereg_location_map.svg/960px-Szabolcs-Szatmar_Bereg_location_map.svg.png,https://hu.wikipedia.org/wiki/S%C3%A9ny%C5%91
Nyírtura,location_map,https://upload.wikimedia.org/wikipedia/commons/thumb/2/2b/Szabolcs-Szatmar_Bereg_location_map.svg/960px-Szabolcs-Szatmar_Bereg_location_map.svg.png,https://hu.wikipedia.org/wiki/Ny%C3%ADrtura
Nyírpilis,location_map,https://upload.wikimedia.org/wikipedia/commons/thumb/2/2b/Szabolcs-Szatmar_Bereg_location_map.svg/960px-Szabolcs-Szatmar_Bereg_location_map.svg.png,https://hu.wikipedia.org/wiki/Ny%C3%ADrpilis
Zsana,location_map,https://upload.wikimedia.org/wikipedia/commons/thumb/7/78/Bacs-Kiskun_location_map.jpg/960px-Bacs-Kiskun_location_map.jpg,https://hu.wikipedia.org/wiki/Zsana
Nyírvasvári,location_map,https://upload.wikimedia.org/wikipedia/commons/thumb/2/2b/Szabolcs-Szatmar_Bereg_location_map.svg/960px-Szabolcs-Szatmar_Bereg_location_map.svg.png,https://hu.wikipedia.org/wiki/Ny%C3%ADrvasv%C3%A1ri
Tótszentgyörgy,megye_svg,https://upload.wikimedia.org/wikipedia/commons/thumb/4/4e/Map-of-Baranya.svg/960px-Map-of-Baranya.svg.png,https://hu.wikipedia.org/wiki/T%C3%B3tszentgy%C3%B6rgy
Nyírpazony,location_map,https://upload.wikimedia.org/wikipedia/commons/thumb/2/2b/Szabolcs-Szatmar_Bereg_location_map.svg/960px-Szabolcs-Szatmar_Bereg_location_map.svg.png,https://hu.wikipedia.org/wiki/Ny%C3%ADrpazony
Nagyalásony,location_map,https://upload.wikimedia.org/wikipedia/commons/thumb/1/12/Veszpr%C3%A9m_location_map.PNG/960px-Veszpr%C3%A9m_location_map.PNG,https://hu.wikipedia.org/wiki/Nagyal%C3%A1sony
Borota,location_map,https://upload.wikimedia.org/wikipedia/commons/thumb/7/78/Bacs-Kiskun_location_map.jpg/960px-Bacs-Kiskun_location_map.jpg,https://hu.wikipedia.org/wiki/Borota
Hetyefő,location_map,https://upload.wikimedia.org/wikipedia/commons/thumb/1/12/Veszpr%C3%A9m_location_map.PNG/960px-Veszpr%C3%A9m_location_map.PNG,https://hu.wikipedia.org/wiki/Hetyef%C5%91
Zádor,megye_svg,https://upload.wikimedia.org/wikipedia/commons/thumb/4/4e/Map-of-Baranya.svg/960px-Map-of-Baranya.svg.png,https://hu.wikipedia.org/wiki/Z%C3%A1dor
Vásárosmiske,location_map,https://upload.wikimedia.org/wikipedia/commons/thumb/a/ac/Vas_location_map.PNG/960px-Vas_location_map.PNG,https://hu.wikipedia.org/wiki/V%C3%A1s%C3%A1rosmiske
Köcsk,location_map,https://upload.wikimedia.org/wikipedia/commons/thumb/a/ac/Vas_location_map.PNG/960px-Vas_location_map.PNG,https://hu.wikipedia.org/wiki/K%C3%B6csk
Kisberzseny,location_map,https://upload.wikimedia.org/wikipedia/commons/thumb/1/12/Veszpr%C3%A9m_location_map.PNG/960px-Veszpr%C3%A9m_location_map.PNG,https://hu.wikipedia.org/wiki/Kisberzseny
Kömpöc,location_map,https://upload.wikimedia.org/wikipedia/commons/thumb/7/78/Bacs-Kiskun_location_map.jpg/960px-Bacs-Kiskun_location_map.jpg,https://hu.wikipedia.org/wiki/K%C3%B6mp%C3%B6c
Somlóvecse,location_map,https://upload.wikimedia.org/wikipedia/commons/thumb/1/12/Veszpr%C3%A9m_location_map.PNG/960px-Veszpr%C3%A9m_location_map.PNG,https://hu.wikipedia.org/wiki/Soml%C3%B3vecse
Benk,location_map,https://upload.wikimedia.org/wikipedia/commons/thumb/2/2b/Szabolcs-Szatmar_Bereg_location_map.svg/960px-Szabolcs-Szatmar_Bereg_location_map.svg.png,https://hu.wikipedia.org/wiki/Benk
Nyírcsászári,location_map,https://upload.wikimedia.org/wikipedia/commons/thumb/2/2b/Szabolcs-Szatmar_Bereg_location_map.svg/960px-Szabolcs-Szatmar_Bereg_location_map.svg.png,https://hu.wikipedia.org/wiki/Ny%C3%ADrcs%C3%A1sz%C3%A1ri
Olcsvaapáti,location_map,https://upload.wikimedia.org/wikipedia/commons/thumb/2/2b/Szabolcs-Szatmar_Bereg_location_map.svg/960px-Szabolcs-Szatmar_Bereg_location_map.svg.png,https://hu.wikipedia.org/wiki/Olcsvaap%C3%A1ti
Tiszanagyfalu,location_map,https://upload.wikimedia.org/wikipedia/commons/thumb/2/2b/Szabolcs-Szatmar_Bereg_location_map.svg/960px-Szabolcs-Szatmar_Bereg_location_map.svg.png,https://hu.wikipedia.org/wiki/Tiszanagyfalu
Külsősárd,location_map,https://upload.wikimedia.org/wikipedia/commons/thumb/7/7e/Zala_location_map.PNG/960px-Zala_location_map.PNG,https://hu.wikipedia.org/wiki/K%C3%BCls%C5%91s%C3%A1rd
Nyíribrony,location_map,https://upload.wikimedia.org/wikipedia/commons/thumb/2/2b/Szabolcs-Szatmar_Bereg_location_map.svg/960px-Szabolcs-Szatmar_Bereg_location_map.svg.png,https://hu.wikipedia.org/wiki/Ny%C3%ADribrony
Okorág,megye_svg,https://upload.wikimedia.org/wikipedia/commons/thumb/4/4e/Map-of-Baranya.svg/960px-Map-of-Baranya.svg.png,https://hu.wikipedia.org/wiki/Okor%C3%A1g
Ipacsfa,megye_svg,https://upload.wikimedia.org/wikipedia/commons/thumb/4/4e/Map-of-Baranya.svg/960px-Map-of-Baranya.svg.png,https://hu.wikipedia.org/wiki/Ipacsfa
Kemenesmagasi,location_map,https://upload.wikimedia.org/wikipedia/commons/thumb/a/ac/Vas_location_map.PNG/960px-Vas_location_map.PNG,https://hu.wikipedia.org/wiki/Kemenesmagasi
Laskod,location_map,https://upload.wikimedia.org/wikipedia/commons/thumb/2/2b/Szabolcs-Szatmar_Bereg_location_map.svg/960px-Szabolcs-Szatmar_Bereg_location_map.svg.png,https://hu.wikipedia.org/wiki/Laskod
Csólyospálos,location_map,https://upload.wikimedia.org/wikipedia/commons/thumb/7/78/Bacs-Kiskun_location_map.jpg/960px-Bacs-Kiskun_location_map.jpg,https://hu.wikipedia.org/wiki/Cs%C3%B3lyosp%C3%A1los
Milota,location_map,https://upload.wikimedia.org/wikipedia/commons/thumb/2/2b/Szabolcs-Szatmar_Bereg_location_map.svg/960px-Szabolcs-Szatmar_Bereg_location_map.svg.png,https://hu.wikipedia.org/wiki/Milota
Hobol,megye_svg,https://upload.wikimedia.org/wikipedia/commons/thumb/4/4e/Map-of-Baranya.svg/960px-Map-of-Baranya.svg.png,https://hu.wikipedia.org/wiki/Hobol
Zsurk,location_map,https://upload.wikimedia.org/wikipedia/commons/thumb/2/2b/Szabolcs-Szatmar_Bereg_location_map.svg/960px-Szabolcs-Szatmar_Bereg_location_map.svg.png,https://hu.wikipedia.org/wiki/Zsurk
Pósfa,location_map,https://upload.wikimedia.org/wikipedia/commons/thumb/a/ac/Vas_location_map.PNG/960px-Vas_location_map.PNG,https://hu.wikipedia.org/wiki/P%C3%B3sfa
Győröcske,location_map,https://upload.wikimedia.org/wikipedia/commons/thumb/2/2b/Szabolcs-Szatmar_Bereg_location_map.svg/960px-Szabolcs-Szatmar_Bereg_location_map.svg.png,https://hu.wikipedia.org/wiki/Gy%C5%91r%C3%B6cske
Kiscsősz,location_map,https://upload.wikimedia.org/wikipedia/commons/thumb/1/12/Veszpr%C3%A9m_location_map.PNG/960px-Veszpr%C3%A9m_location_map.PNG,https://hu.wikipedia.org/wiki/Kiscs%C5%91sz
Malomsok,location_map,https://upload.wikimedia.org/wikipedia/commons/thumb/1/12/Veszpr%C3%A9m_location_map.PNG/960px-Veszpr%C3%A9m_location_map.PNG,https://hu.wikipedia.org/wiki/Malomsok
Kemenesmihályfa,location_map,https://upload.wikimedia.org/wikipedia/commons/thumb/a/ac/Vas_location_map.PNG/960px-Vas_location_map.PNG,https://hu.wikipedia.org/wiki/Kemenesmih%C3%A1lyfa
Komoró,location_map,https://upload.wikimedia.org/wikipedia/commons/thumb/2/2b/Szabolcs-Szatmar_Bereg_location_map.svg/960px-Szabolcs-Szatmar_Bereg_location_map.svg.png,https://hu.wikipedia.org/wiki/Komor%C3%B3
Kenézlő,megye_svg,https://upload.wikimedia.org/wikipedia/commons/thumb/6/63/Borsod-Abauj.svg/960px-Borsod-Abauj.svg.png,https://hu.wikipedia.org/wiki/Ken%C3%A9zl%C5%91
Nyírbogdány,location_map,https://upload.wikimedia.org/wikipedia/commons/thumb/2/2b/Szabolcs-Szatmar_Bereg_location_map.svg/960px-Szabolcs-Szatmar_Bereg_location_map.svg.png,https://hu.wikipedia.org/wiki/Ny%C3%ADrbogd%C3%A1ny
Fonó,location_map,https://upload.wikimedia.org/wikipedia/commons/thumb/d/d5/Somogy_location_map.jpg/960px-Somogy_location_map.jpg,https://hu.wikipedia.org/wiki/Fon%C3%B3_%28telep%C3%BCl%C3%A9s%29
Nyírmeggyes,location_map,https://upload.wikimedia.org/wikipedia/commons/thumb/2/2b/Szabolcs-Szatmar_Bereg_location_map.svg/960px-Szabolcs-Szatmar_Bereg_location_map.svg.png,https://hu.wikipedia.org/wiki/Ny%C3%ADrmeggyes
Kovácshida,megye_svg,https://upload.wikimedia.org/wikipedia/commons/thumb/4/4e/Map-of-Baranya.svg/960px-Map-of-Baranya.svg.png,https://hu.wikipedia.org/wiki/Kov%C3%A1cshida
Harkakötöny,location_map,https://upload.wikimedia.org/wikipedia/commons/thumb/7/78/Bacs-Kiskun_location_map.jpg/960px-Bacs-Kiskun_location_map.jpg,https://hu.wikipedia.org/wiki/Harkak%C3%B6t%C3%B6ny
Mátyus,location_map,https://upload.wikimedia.org/wikipedia/commons/thumb/2/2b/Szabolcs-Szatmar_Bereg_location_map.svg/960px-Szabolcs-Szatmar_Bereg_location_map.svg.png,https://hu.wikipedia.org/wiki/M%C3%A1tyus
Mezőgyán,location_map,https://upload.wikimedia.org/wikipedia/commons/thumb/b/b9/Bekes_location_map.PNG/960px-Bekes_location_map.PNG,https://hu.wikipedia.org/wiki/Mez%C5%91gy%C3%A1n
Belsősárd,location_map,https://upload.wikimedia.org/wikipedia/commons/thumb/7/7e/Zala_location_map.PNG/960px-Zala_location_map.PNG,https://hu.wikipedia.org/wiki/Bels%C5%91s%C3%A1rd
Csögle,location_map,https://upload.wikimedia.org/wikipedia/commons/thumb/1/12/Veszpr%C3%A9m_location_map.PNG/960px-Veszpr%C3%A9m_location_map.PNG,https://hu.wikipedia.org/wiki/Cs%C3%B6gle
Olcsva,location_map,https://upload.wikimedia.org/wikipedia/commons/thumb/2/2b/Szabolcs-Szatmar_Bereg_location_map.svg/960px-Szabolcs-Szatmar_Bereg_location_map.svg.png,https://hu.wikipedia.org/wiki/Olcsva
Tiszakerecseny,location_map,https://upload.wikimedia.org/wikipedia/commons/thumb/2/2b/Szabolcs-Szatmar_Bereg_location_map.svg/960px-Szabolcs-Szatmar_Bereg_location_map.svg.png,https://hu.wikipedia.org/wiki/Tiszakerecseny
Érpatak,location_map,https://upload.wikimedia.org/wikipedia/commons/thumb/2/2b/Szabolcs-Szatmar_Bereg_location_map.svg/960px-Szabolcs-Szatmar_Bereg_location_map.svg.png,https://hu.wikipedia.org/wiki/%C3%89rpatak
Zemplénagárd,megye_svg,https://upload.wikimedia.org/wikipedia/commons/thumb/6/63/Borsod-Abauj.svg/960px-Borsod-Abauj.svg.png,https://hu.wikipedia.org/wiki/Zempl%C3%A9nag%C3%A1rd
Ferencszállás,location_map,https://upload.wikimedia.org/wikipedia/commons/thumb/4/42/Csongrad_location_map.svg/960px-Csongrad_location_map.svg.png,https://hu.wikipedia.org/wiki/Ferencsz%C3%A1ll%C3%A1s
Csonkamindszent,megye_svg,https://upload.wikimedia.org/wikipedia/commons/thumb/4/4e/Map-of-Baranya.svg/960px-Map-of-Baranya.svg.png,https://hu.wikipedia.org/wiki/Csonkamindszent
Kispirit,location_map,https://upload.wikimedia.org/wikipedia/commons/thumb/1/12/Veszpr%C3%A9m_location_map.PNG/960px-Veszpr%C3%A9m_location_map.PNG,https://hu.wikipedia.org/wiki/Kispirit
Kokad,location_map,https://upload.wikimedia.org/wikipedia/commons/thumb/4/4d/Hajdu-Bihar_location_map.PNG/960px-Hajdu-Bihar_location_map.PNG,https://hu.wikipedia.org/wiki/Kokad
Vajdácska,megye_svg,https://upload.wikimedia.org/wikipedia/commons/thumb/6/63/Borsod-Abauj.svg/960px-Borsod-Abauj.svg.png,https://hu.wikipedia.org/wiki/Vajd%C3%A1cska
Bogádmindszent,megye_svg,https://upload.wikimedia.org/wikipedia/commons/thumb/4/4e/Map-of-Baranya.svg/960px-Map-of-Baranya.svg.png,https://hu.wikipedia.org/wiki/Bog%C3%A1dmindszent
Potyond,location_map,https://upload.wikimedia.org/wikipedia/commons/thumb/f/f0/Gyor-Moson-Sopron_location_map.PNG/960px-Gyor-Moson-Sopron_location_map.PNG,https://hu.wikipedia.org/wiki/Potyond
Csönge,location_map,https://upload.wikimedia.org/wikipedia/commons/thumb/a/ac/Vas_location_map.PNG/960px-Vas_location_map.PNG,https://hu.wikipedia.org/wiki/Cs%C3%B6nge
Nyírgyulaj,location_map,https://upload.wikimedia.org/wikipedia/commons/thumb/2/2b/Szabolcs-Szatmar_Bereg_location_map.svg/960px-Szabolcs-Szatmar_Bereg_location_map.svg.png,https://hu.wikipedia.org/wiki/Ny%C3%ADrgyulaj
Paszab,location_map,https://upload.wikimedia.org/wikipedia/commons/thumb/2/2b/Szabolcs-Szatmar_Bereg_location_map.svg/960px-Szabolcs-Szatmar_Bereg_location_map.svg.png,https://hu.wikipedia.org/wiki/Paszab
Tiszavid,location_map,https://upload.wikimedia.org/wikipedia/commons/thumb/2/2b/Szabolcs-Szatmar_Bereg_location_map.svg/960px-Szabolcs-Szatmar_Bereg_location_map.svg.png,https://hu.wikipedia.org/wiki/Tiszavid
Kálmánháza,location_map,https://upload.wikimedia.org/wikipedia/commons/thumb/2/2b/Szabolcs-Szatmar_Bereg_location_map.svg/960px-Szabolcs-Szatmar_Bereg_location_map.svg.png,https://hu.wikipedia.org/wiki/K%C3%A1lm%C3%A1nh%C3%A1za
Viss,megye_svg,https://upload.wikimedia.org/wikipedia/commons/thumb/6/63/Borsod-Abauj.svg/960px-Borsod-Abauj.svg.png,https://hu.wikipedia.org/wiki/Viss
Baglad,location_map,https://upload.wikimedia.org/wikipedia/commons/thumb/7/7e/Zala_location_map.PNG/960px-Zala_location_map.PNG,https://hu.wikipedia.org/wiki/Baglad
Nyírtét,location_map,https://upload.wikimedia.org/wikipedia/commons/thumb/2/2b/Szabolcs-Szatmar_Bereg_location_map.svg/960px-Szabolcs-Szatmar_Bereg_location_map.svg.png,https://hu.wikipedia.org/wiki/Ny%C3%ADrt%C3%A9t
Kiscsécs,megye_svg,https://upload.wikimedia.org/wikipedia/commons/thumb/6/63/Borsod-Abauj.svg/960px-Borsod-Abauj.svg.png,https://hu.wikipedia.org/wiki/Kiscs%C3%A9cs
Adorjánháza,location_map,https://upload.wikimedia.org/wikipedia/commons/thumb/1/12/Veszpr%C3%A9m_location_map.PNG/960px-Veszpr%C3%A9m_location_map.PNG,https://hu.wikipedia.org/wiki/Adorj%C3%A1nh%C3%A1za
Kishódos,location_map,https://upload.wikimedia.org/wikipedia/commons/thumb/2/2b/Szabolcs-Szatmar_Bereg_location_map.svg/960px-Szabolcs-Szatmar_Bereg_location_map.svg.png,https://hu.wikipedia.org/wiki/Kish%C3%B3dos
Beregsurány,location_map,https://upload.wikimedia.org/wikipedia/commons/thumb/2/2b/Szabolcs-Szatmar_Bereg_location_map.svg/960px-Szabolcs-Szatmar_Bereg_location_map.svg.png,https://hu.wikipedia.org/wiki/Beregsur%C3%A1ny
Csánig,location_map,https://upload.wikimedia.org/wikipedia/commons/thumb/a/ac/Vas_location_map.PNG/960px-Vas_location_map.PNG,https://hu.wikipedia.org/wiki/Cs%C3%A1nig
Nagypirit,location_map,https://upload.wikimedia.org/wikipedia/commons/thumb/1/12/Veszpr%C3%A9m_location_map.PNG/960px-Veszpr%C3%A9m_location_map.PNG,https://hu.wikipedia.org/wiki/Nagypirit
Dámóc,megye_svg,https://upload.wikimedia.org/wikipedia/commons/thumb/6/63/Borsod-Abauj.svg/960px-Borsod-Abauj.svg.png,https://hu.wikipedia.org/wiki/D%C3%A1m%C3%B3c
Tiszaadony,location_map,https://upload.wikimedia.org/wikipedia/commons/thumb/2/2b/Szabolcs-Szatmar_Bereg_location_map.svg/960px-Szabolcs-Szatmar_Bereg_location_map.svg.png,https://hu.wikipedia.org/wiki/Tiszaadony
Geszteréd,location_map,https://upload.wikimedia.org/wikipedia/commons/thumb/2/2b/Szabolcs-Szatmar_Bereg_location_map.svg/960px-Szabolcs-Szatmar_Bereg_location_map.svg.png,https://hu.wikipedia.org/wiki/Geszter%C3%A9d
Forráskút,location_map,https://upload.wikimedia.org/wikipedia/commons/thumb/4/42/Csongrad_location_map.svg/960px-Csongrad_location_map.svg.png,https://hu.wikipedia.org/wiki/Forr%C3%A1sk%C3%BAt
Bököny,location_map,https://upload.wikimedia.org/wikipedia/commons/thumb/2/2b/Szabolcs-Szatmar_Bereg_location_map.svg/960px-Szabolcs-Szatmar_Bereg_location_map.svg.png,https://hu.wikipedia.org/wiki/B%C3%B6k%C3%B6ny
Fényeslitke,location_map,https://upload.wikimedia.org/wikipedia/commons/thumb/2/2b/Szabolcs-Szatmar_Bereg_location_map.svg/960px-Szabolcs-Szatmar_Bereg_location_map.svg.png,https://hu.wikipedia.org/wiki/F%C3%A9nyeslitke
Dencsháza,megye_svg,https://upload.wikimedia.org/wikipedia/commons/thumb/4/4e/Map-of-Baranya.svg/960px-Map-of-Baranya.svg.png,https://hu.wikipedia.org/wiki/Dencsh%C3%A1za
Györgytarló,megye_svg,https://upload.wikimedia.org/wikipedia/commons/thumb/6/63/Borsod-Abauj.svg/960px-Borsod-Abauj.svg.png,https://hu.wikipedia.org/wiki/Gy%C3%B6rgytarl%C3%B3
Szergény,location_map,https://upload.wikimedia.org/wikipedia/commons/thumb/a/ac/Vas_location_map.PNG/960px-Vas_location_map.PNG,https://hu.wikipedia.org/wiki/Szerg%C3%A9ny
Szorgalmatos,location_map,https://upload.wikimedia.org/wikipedia/commons/thumb/2/2b/Szabolcs-Szatmar_Bereg_location_map.svg/960px-Szabolcs-Szatmar_Bereg_location_map.svg.png,https://hu.wikipedia.org/wiki/Szorgalmatos
Tisztaberek,location_map,https://upload.wikimedia.org/wikipedia/commons/thumb/2/2b/Szabolcs-Szatmar_Bereg_location_map.svg/960px-Szabolcs-Szatmar_Bereg_location_map.svg.png,https://hu.wikipedia.org/wiki/Tisztaberek
Hetefejércse,location_map,https://upload.wikimedia.org/wikipedia/commons/thumb/2/2b/Szabolcs-Szatmar_Bereg_location_map.svg/960px-Szabolcs-Szatmar_Bereg_location_map.svg.png,https://hu.wikipedia.org/wiki/Hetefej%C3%A9rcse
Panyola,location_map,https://upload.wikimedia.org/wikipedia/commons/thumb/2/2b/Szabolcs-Szatmar_Bereg_location_map.svg/960px-Szabolcs-Szatmar_Bereg_location_map.svg.png,https://hu.wikipedia.org/wiki/Panyola
Egeralja,location_map,https://upload.wikimedia.org/wikipedia/commons/thumb/1/12/Veszpr%C3%A9m_location_map.PNG/960px-Veszpr%C3%A9m_location_map.PNG,https://hu.wikipedia.org/wiki/Egeralja
Botpalád,location_map,https://upload.wikimedia.org/wikipedia/commons/thumb/2/2b/Szabolcs-Szatmar_Bereg_location_map.svg/960px-Szabolcs-Szatmar_Bereg_location_map.svg.png,https://hu.wikipedia.org/wiki/Botpal%C3%A1d
Császló,location_map,https://upload.wikimedia.org/wikipedia/commons/thumb/2/2b/Szabolcs-Szatmar_Bereg_location_map.svg/960px-Szabolcs-Szatmar_Bereg_location_map.svg.png,https://hu.wikipedia.org/wiki/Cs%C3%A1szl%C3%B3
Ibrány,location_map,https://upload.wikimedia.org/wikipedia/commons/thumb/2/2b/Szabolcs-Szatmar_Bereg_location_map.svg/960px-Szabolcs-Szatmar_Bereg_location_map.svg.png,https://hu.wikipedia.org/wiki/Ibr%C3%A1ny
Méhtelek,location_map,https://upload.wikimedia.org/wikipedia/commons/thumb/2/2b/Szabolcs-Szatmar_Bereg_location_map.svg/960px-Szabolcs-Szatmar_Bereg_location_map.svg.png,https://hu.wikipedia.org/wiki/M%C3%A9htelek
Alsóberecki,megye_svg,https://upload.wikimedia.org/wikipedia/commons/thumb/6/63/Borsod-Abauj.svg/960px-Borsod-Abauj.svg.png,https://hu.wikipedia.org/wiki/Als%C3%B3berecki
Fülpösdaróc,location_map,https://upload.wikimedia.org/wikipedia/commons/thumb/2/2b/Szabolcs-Szatmar_Bereg_location_map.svg/960px-Szabolcs-Szatmar_Bereg_location_map.svg.png,https://hu.wikipedia.org/wiki/F%C3%BClp%C3%B6sdar%C3%B3c
Nagyrozvágy,megye_svg,https://upload.wikimedia.org/wikipedia/commons/thumb/6/63/Borsod-Abauj.svg/960px-Borsod-Abauj.svg.png,https://hu.wikipedia.org/wiki/Nagyrozv%C3%A1gy
Darnó,location_map,https://upload.wikimedia.org/wikipedia/commons/thumb/2/2b/Szabolcs-Szatmar_Bereg_location_map.svg/960px-Szabolcs-Szatmar_Bereg_location_map.svg.png,https://hu.wikipedia.org/wiki/Darn%C3%B3
Nagykamarás,location_map,https://upload.wikimedia.org/wikipedia/commons/thumb/b/b9/Bekes_location_map.PNG/960px-Bekes_location_map.PNG,https://hu.wikipedia.org/wiki/Nagykamar%C3%A1s
Sarkadkeresztúr,location_map,https://upload.wikimedia.org/wikipedia/commons/thumb/b/b9/Bekes_location_map.PNG/960px-Bekes_location_map.PNG,https://hu.wikipedia.org/wiki/Sarkadkereszt%C3%BAr
Nemesgörzsöny,location_map,https://upload.wikimedia.org/wikipedia/commons/thumb/1/12/Veszpr%C3%A9m_location_map.PNG/960px-Veszpr%C3%A9m_location_map.PNG,https://hu.wikipedia.org/wiki/Nemesg%C3%B6rzs%C3%B6ny
Magosliget,location_map,https://upload.wikimedia.org/wikipedia/commons/thumb/2/2b/Szabolcs-Szatmar_Bereg_location_map.svg/960px-Szabolcs-Szatmar_Bereg_location_map.svg.png,https://hu.wikipedia.org/wiki/Magosliget
Mánd,location_map,https://upload.wikimedia.org/wikipedia/commons/thumb/2/2b/Szabolcs-Szatmar_Bereg_location_map.svg/960px-Szabolcs-Szatmar_Bereg_location_map.svg.png,https://hu.wikipedia.org/wiki/M%C3%A1nd
Fülesd,location_map,https://upload.wikimedia.org/wikipedia/commons/thumb/2/2b/Szabolcs-Szatmar_Bereg_location_map.svg/960px-Szabolcs-Szatmar_Bereg_location_map.svg.png,https://hu.wikipedia.org/wiki/F%C3%BClesd
Kérsemjén,location_map,https://upload.wikimedia.org/wikipedia/commons/thumb/2/2b/Szabolcs-Szatmar_Bereg_location_map.svg/960px-Szabolcs-Szatmar_Bereg_location_map.svg.png,https://hu.wikipedia.org/wiki/K%C3%A9rsemj%C3%A9n
Nábrád,location_map,https://upload.wikimedia.org/wikipedia/commons/thumb/2/2b/Szabolcs-Szatmar_Bereg_location_map.svg/960px-Szabolcs-Szatmar_Bereg_location_map.svg.png,https://hu.wikipedia.org/wiki/N%C3%A1br%C3%A1d
Végegyháza,location_map,https://upload.wikimedia.org/wikipedia/commons/thumb/b/b9/Bekes_location_map.PNG/960px-Bekes_location_map.PNG,https://hu.wikipedia.org/wiki/V%C3%A9gegyh%C3%A1za
Nagyacsád,location_map,https://upload.wikimedia.org/wikipedia/commons/thumb/1/12/Veszpr%C3%A9m_location_map.PNG/960px-Veszpr%C3%A9m_location_map.PNG,https://hu.wikipedia.org/wiki/Nagyacs%C3%A1d
Szamoskér,location_map,https://upload.wikimedia.org/wikipedia/commons/thumb/2/2b/Szabolcs-Szatmar_Bereg_location_map.svg/960px-Szabolcs-Szatmar_Bereg_location_map.svg.png,https://hu.wikipedia.org/wiki/Szamosk%C3%A9r
Géberjén,location_map,https://upload.wikimedia.org/wikipedia/commons/thumb/2/2b/Szabolcs-Szatmar_Bereg_location_map.svg/960px-Szabolcs-Szatmar_Bereg_location_map.svg.png,https://hu.wikipedia.org/wiki/G%C3%A9berj%C3%A9n
Gégény,location_map,https://upload.wikimedia.org/wikipedia/commons/thumb/2/2b/Szabolcs-Szatmar_Bereg_location_map.svg/960px-Szabolcs-Szatmar_Bereg_location_map.svg.png,https://hu.wikipedia.org/wiki/G%C3%A9g%C3%A9ny
Gyöngyfa,megye_svg,https://upload.wikimedia.org/wikipedia/commons/thumb/4/4e/Map-of-Baranya.svg/960px-Map-of-Baranya.svg.png,https://hu.wikipedia.org/wiki/Gy%C3%B6ngyfa
Almáskamarás,location_map,https://upload.wikimedia.org/wikipedia/commons/thumb/b/b9/Bekes_location_map.PNG/960px-Bekes_location_map.PNG,https://hu.wikipedia.org/wiki/Alm%C3%A1skamar%C3%A1s
Kisszekeres,location_map,https://upload.wikimedia.org/wikipedia/commons/thumb/2/2b/Szabolcs-Szatmar_Bereg_location_map.svg/960px-Szabolcs-Szatmar_Bereg_location_map.svg.png,https://hu.wikipedia.org/wiki/Kisszekeres
Bánfa,megye_svg,https://upload.wikimedia.org/wikipedia/commons/thumb/4/4e/Map-of-Baranya.svg/960px-Map-of-Baranya.svg.png,https://hu.wikipedia.org/wiki/B%C3%A1nfa
Hermánszeg,location_map,https://upload.wikimedia.org/wikipedia/commons/thumb/2/2b/Szabolcs-Szatmar_Bereg_location_map.svg/960px-Szabolcs-Szatmar_Bereg_location_map.svg.png,https://hu.wikipedia.org/wiki/Herm%C3%A1nszeg
Katádfa,megye_svg,https://upload.wikimedia.org/wikipedia/commons/thumb/4/4e/Map-of-Baranya.svg/960px-Map-of-Baranya.svg.png,https://hu.wikipedia.org/wiki/Kat%C3%A1dfa
Ebes,location_map,https://upload.wikimedia.org/wikipedia/commons/thumb/4/4d/Hajdu-Bihar_location_map.PNG/960px-Hajdu-Bihar_location_map.PNG,https://hu.wikipedia.org/wiki/Ebes
Tiszacsermely,megye_svg,https://upload.wikimedia.org/wikipedia/commons/thumb/6/63/Borsod-Abauj.svg/960px-Borsod-Abauj.svg.png,https://hu.wikipedia.org/wiki/Tiszacsermely
Pitvaros,location_map,https://upload.wikimedia.org/wikipedia/commons/thumb/4/42/Csongrad_location_map.svg/960px-Csongrad_location_map.svg.png,https://hu.wikipedia.org/wiki/Pitvaros
Tiszatelek,location_map,https://upload.wikimedia.org/wikipedia/commons/thumb/2/2b/Szabolcs-Szatmar_Bereg_location_map.svg/960px-Szabolcs-Szatmar_Bereg_location_map.svg.png,https://hu.wikipedia.org/wiki/Tiszatelek
Kevermes,location_map,https://upload.wikimedia.org/wikipedia/commons/thumb/b/b9/Bekes_location_map.PNG/960px-Bekes_location_map.PNG,https://hu.wikipedia.org/wiki/Kevermes
Pusztaottlaka,location_map,https://upload.wikimedia.org/wikipedia/commons/thumb/b/b9/Bekes_location_map.PNG/960px-Bekes_location_map.PNG,https://hu.wikipedia.org/wiki/Pusztaottlaka
Dunatetétlen,location_map,https://upload.wikimedia.org/wikipedia/commons/thumb/7/78/Bacs-Kiskun_location_map.jpg/960px-Bacs-Kiskun_location_map.jpg,https://hu.wikipedia.org/wiki/Dunatet%C3%A9tlen
Tiszajenő,location_map,https://upload.wikimedia.org/wikipedia/commons/thumb/8/81/Jasz-Nagykun-Szolnok_location_map.svg/960px-Jasz-Nagykun-Szolnok_location_map.svg.png,https://hu.wikipedia.org/wiki/Tiszajen%C5%91
Telekgerendás,location_map,https://upload.wikimedia.org/wikipedia/commons/thumb/b/b9/Bekes_location_map.PNG/960px-Bekes_location_map.PNG,https://hu.wikipedia.org/wiki/Telekgerend%C3%A1s
Tiszatenyő,location_map,https://upload.wikimedia.org/wikipedia/commons/thumb/8/81/Jasz-Nagykun-Szolnok_location_map.svg/960px-Jasz-Nagykun-Szolnok_location_map.svg.png,https://hu.wikipedia.org/wiki/Tiszateny%C5%91
Tiszakarád,megye_svg,https://upload.wikimedia.org/wikipedia/commons/thumb/6/63/Borsod-Abauj.svg/960px-Borsod-Abauj.svg.png,https://hu.wikipedia.org/wiki/Tiszakar%C3%A1d
Medgyesbodzás,location_map,https://upload.wikimedia.org/wikipedia/commons/thumb/b/b9/Bekes_location_map.PNG/960px-Bekes_location_map.PNG,https://hu.wikipedia.org/wiki/Medgyesbodz%C3%A1s
Gerendás,location_map,https://upload.wikimedia.org/wikipedia/commons/thumb/b/b9/Bekes_location_map.PNG/960px-Bekes_location_map.PNG,https://hu.wikipedia.org/wiki/Gerend%C3%A1s
Kisdombegyház,location_map,https://upload.wikimedia.org/wikipedia/commons/thumb/b/b9/Bekes_location_map.PNG/960px-Bekes_location_map.PNG,https://hu.wikipedia.org/wiki/Kisdombegyh%C3%A1z
Nagyér,location_map,https://upload.wikimedia.org/wikipedia/commons/thumb/4/42/Csongrad_location_map.svg/960px-Csongrad_location_map.svg.png,https://hu.wikipedia.org/wiki/Nagy%C3%A9r
Dombegyház,location_map,https://upload.wikimedia.org/wikipedia/commons/thumb/b/b9/Bekes_location_map.PNG/960px-Bekes_location_map.PNG,https://hu.wikipedia.org/wiki/Dombegyh%C3%A1z
Újsolt,location_map,https://upload.wikimedia.org/wikipedia/commons/thumb/7/78/Bacs-Kiskun_location_map.jpg/960px-Bacs-Kiskun_location_map.jpg,https://hu.wikipedia.org/wiki/%C3%9Ajsolt
Újdombrád,location_map,https://upload.wikimedia.org/wikipedia/commons/thumb/2/2b/Szabolcs-Szatmar_Bereg_location_map.svg/960px-Szabolcs-Szatmar_Bereg_location_map.svg.png,https://hu.wikipedia.org/wiki/%C3%9Ajdombr%C3%A1d
Magyardombegyház,location_map,https://upload.wikimedia.org/wikipedia/commons/thumb/b/b9/Bekes_location_map.PNG/960px-Bekes_location_map.PNG,https://hu.wikipedia.org/wiki/Magyardombegyh%C3%A1z
Tyukod,location_map,https://upload.wikimedia.org/wikipedia/commons/thumb/2/2b/Szabolcs-Szatmar_Bereg_location_map.svg/960px-Szabolcs-Szatmar_Bereg_location_map.svg.png,https://hu.wikipedia.org/wiki/Tyukod
Örménykút,location_map,https://upload.wikimedia.org/wikipedia/commons/thumb/b/b9/Bekes_location_map.PNG/960px-Bekes_location_map.PNG,https://hu.wikipedia.org/wiki/%C3%96rm%C3%A9nyk%C3%BAt
Kétsoprony,location_map,https://upload.wikimedia.org/wikipedia/commons/thumb/b/b9/Bekes_location_map.PNG/960px-Bekes_location_map.PNG,https://hu.wikipedia.org/wiki/K%C3%A9tsoprony
Magyarbánhegyes,location_map,https://upload.wikimedia.org/wikipedia/commons/thumb/b/b9/Bekes_location_map.PNG/960px-Bekes_location_map.PNG,https://hu.wikipedia.org/wiki/Magyarb%C3%A1nhegyes
Királyhegyes,location_map,https://upload.wikimedia.org/wikipedia/commons/thumb/4/42/Csongrad_location_map.svg/960px-Csongrad_location_map.svg.png,https://hu.wikipedia.org/wiki/Kir%C3%A1lyhegyes
Pusztaföldvár,location_map,https://upload.wikimedia.org/wikipedia/commons/thumb/b/b9/Bekes_location_map.PNG/960px-Bekes_location_map.PNG,https://hu.wikipedia.org/wiki/Pusztaf%C3%B6ldv%C3%A1r
Kardoskút,location_map,https://upload.wikimedia.org/wikipedia/commons/thumb/b/b9/Bekes_location_map.PNG/960px-Bekes_location_map.PNG,https://hu.wikipedia.org/wiki/Kardosk%C3%BAt
Ura,location_map,https://upload.wikimedia.org/wikipedia/commons/thumb/2/2b/Szabolcs-Szatmar_Bereg_location_map.svg/960px-Szabolcs-Szatmar_Bereg_location_map.svg.png,https://hu.wikipedia.org/wiki/Ura
