parameter_key,megnevezes,ui_definicio,kategoria,adatforras_ok,adatforras_link,gis_modszertan,merkegyseg,normalizalas_100_pt,normalizalas_0_pt,sulyozhatosag
"forest_index","Erdőlefedettség index (3 km)","A település lakott területei körüli 3 km-es zóna erdősültségi mutatója, tiszta lineáris skálára normalizálva (0-100).","Természeti környezet","Corine Land Cover (CLC, 2018); OpenStreetMap","https://land.copernicus.eu/pan-european/corine-land-cover/clc2018; https://www.openstreetmap.org","Lakott terület 3000 m-es pufferén belül a CLC (311, 312, 313) és OSM erdők uniója (Dissolve). A kapott erdőterület aránya a teljes pufferzóna területéhez képest. Képlet: Arány x 100.","indexpont (0-100)","100% erdőborítottság a teljes pufferzónán belül","0% erdőborítottság a teljes pufferzónán belül","Pozitív irányú lineáris"
"water_index","Vízfelület lefedettség index (3 km)","A mutató a lakott terület vízközelségi expozícióját fejezi ki: meghatározza, hogy a szignifikáns víztestek 3000 m-es pufferzónája a lakott terület mekkora hányadát fedi le, tiszta lineáris skálára normalizálva (0-100).","Természeti környezet","OpenStreetMap (natural=water; waterway=riverbank; landuse=reservoir)","https://www.openstreetmap.org","OSM felszíni víztestek (>=1 ha) -> 100 m-es geometria-egyszerűsítés -> 3000 m-es dissolved proximity buffer -> metszet a lakott területtel. Képlet: (vízközelségi zóna metszet lakott terület) / lakott terület x 100.","indexpont (0-100)","100% vízközelségi lefedettség a lakott területen belül","0% lefedettség (nincs szignifikáns víztest 3 km-en belül)","Pozitív irányú lineáris"
"terrain_index","Hegyvidéki karakter (3 km)","A település környezetének domborzati tagoltságát és hegy-érzetét kifejező mutató. A magas érték meredek lejtőket, markáns szintkülönbségeket és panorámát, az alacsony érték síkvidéki jelleget jelent. Tiszta lineáris skálára normalizálva (0-100).","Természeti környezet","Copernicus Global DEM (GLO-30, 30 m)","https://spacedata.copernicus.eu/collections/copernicus-digital-elevation-model","A lakott terület körüli 3000 m-es pufferzónában a 30 m-es felbontású magasságmodellből (DEM) származtatott átlagos lejtőszög (Slope mean) számítása. Normalizálás: CLAMP((slope_mean - 1) / (12 - 1) x 100, 0, 100). Az 1 fok alatti értékek 0-t, a 12 fok feletti értékek 100-at kapnak.","indexpont (0-100)","Átlagos lejtőszög >= 12 fok (középhegységi jelleg)","Átlagos lejtőszög <= 1 fok (tökéletes síkság)","Pozitív irányú lineáris"
"airpollution_index","Légszennyezettségi index (3 km)","A mutató a település 3 km-es körzetének levegőminőségét fejezi ki három szennyezőanyag egészségügyi relevanciájuk szerinti súlyozásával, 0-100-as lineáris skálára normalizálva.","Természeti környezet","Copernicus Atmosphere Monitoring Service (CAMS) - európai légminőség reanalízis (2023)","https://atmosphere.copernicus.eu/european-air-quality-reanalyses","CAMS havi rácsos adatok (NO2, PM2.5, PM10, EOV vetület) -> éves átlag (PM2.5: 9 hónapos átlag, március-május kihagyásával) -> 3 km-es pufferzónán belüli zónális átlag (all_touched=True) -> súlyozott összetett érték: composite = PM2.5x0.6 + NO2x0.3 + PM10x0.1 -> lineáris normalizálás: CLAMP((32 - composite) / (32 - 7.5) x 100, 0, 100), ahol 7.5 a WHO-irányértékekből, 32 az EU-határértékekből levezetett viszonyítási pont.","indexpont (0-100)","PM2.5 <= 5 ug/m3, NO2 <= 10 ug/m3, PM10 <= 15 ug/m3 (WHO éves irányértékek, composite <= 7.5)","PM2.5 >= 25 ug/m3, NO2 >= 40 ug/m3, PM10 >= 50 ug/m3 (EU határértékek, composite >= 32)","Negatív irányú lineáris (alacsonyabb szennyezés = magasabb pontszám)"
"budapest_car_train_index","Budapest elérhetőség - autó + vonat","Mennyi idő alatt lehet reggel 9:30-ra Budapestre érni a legközelebbi vasútállomásra autózva, majd vonattal? Az index az autós ráhordási idő és a vonat-menetidő összegét méri.","Elérhetőség és közlekedés","MÁV GTFS (gtfsMavMenetrend.zip; mintanap: 2026-05-19)","https://www.mavcsoport.hu/mav/menetrendek","1. MÁV GTFS betöltése: aktív service-ek, trip-ek, stop_times. 2. BP-terminálok: Keleti (267), Nyugati (269), Déli (3639), Kelenföld (3640), érkezés <= 09:30. 3. Közvetlen + 1-átszállásos routing (min. 5 perc átszállási idő). 4. Dinamikus catchment zóna: max(15 km, legközelebbi aktív állomás távolsága + 15 km). 5. Trip-centrikus szabály: egy tripen belül csak a legközelebbi felszállóhely számít. 6. Állomásválasztás: ha az extra autózás < 5 perc, a legjobb összidejű állomást választja; ha >= 5 perc, csak akkor vált, ha >= 20 percet spórol. 7. Budapest kerületek: 0 perc, 100 pont. 8. Fallback a legközelebbi elérhető állomásra ha nincs BP-kapcsolatú állomás a zónában.","perc (autó + vonat összesen)","Budapest kerületek és 0 perc összidő (100 pont)","387.8 perc összidő - normalizálás: (387.8 - total_min) / 387.8 x 100, [0, 100]-ra csonkítva","Igen"
"internet_index","Internet sebesség index","A mutató a település lakott területét övező 3 km-es zónában az Ookla Speedtest fixed broadband tile-ok alapján becsült, terület szerinti súlyozott átlagos letöltési sebességet fejezi ki (valós felhasználói mérések cellánkénti aggregátuma; nem hirdetett lefedettség). Az index log10-skálán kerül 0-100 pont közé.","Elérhetőség és közlekedés","Speedtest by Ookla - Global Fixed Broadband Performance (Q4 2024); OpenStreetMap - lakott terület + 3 km puffer","https://registry.opendata.aws/speedtest-global-performance/; https://www.openstreetmap.org","Ookla Q4 2024 fixed broadband tile shapefile (~610 m x 610 m, EPSG:4326) -> Magyarország bbox szűrés -> átvetítés EOV (EPSG:23700). Minden 3 km-es övezetre: az övezet geometriáját metsző tile-ok kiválasztása; tile-onként a (övezet metszet tile) terület és az avg_d_kbps; súlyozott átlag: összeg(metszet_terület x avg_d_kbps) / összeg(metszet_terület). Log10-normalizálás: alsó horgony 5 Mbps = 0 pont, felső horgony 300 Mbps = 100 pont; [0, 100]-ra csonkítva.","indexpont (0-100)","300 Mbps terület-súlyozott átlag letöltés (log-skála felső horgony; ettől gyorsabb átlag is maximum 100 pont)","5 Mbps terület-súlyozott átlag letöltés (log-skála alsó horgony)","Pozitív irányú log-skála (magasabb tapasztalt sebesség = magasabb pontszám)"
"urban_mobility_index","Városi mobilitási index","A mutató azt fejezi ki, mennyire jól kiszolgált egy település tömegközlekedési szempontból, illetve mennyire besétálható a belső szerkezete. A magas érték intenzív helyi járatrendszert és/vagy kompakt, gyalogosan bejárható lakott területet jelöl.","Elérhetőség és közlekedés","BKK GTFS (Budapest, kerületenként; 2025); Volánbusz GTFS + helyi GTFS (24 nagyváros; 2025); KSH TEIR / TSTAR - helyközi viszonylatok és utaskilométer (58 település, 2024); OpenStreetMap - lakott terület","https://opendata.bkk.hu/datasets; https://gtfs.menetrendek.hu; https://www.teir.hu; https://www.openstreetmap.org","Két dimenzió kombinációja. (1) TKV-score: ha van GTFS-adat, a mintanap hétköznapi indulásaiból számított departures_per_stop értéket log1p-normalizálja Budapest horgonyához (147.3 ind./megálló/nap = 100 pt). Ha nincs GTFS, de van TEIR-adat: viszonylatok és utaskilométer log1p-normalizálása (Budapest: 238 viszonylat és 2 290 460 utaskm = 100 pt), átlagolva. (2) Walk-score: fordított lineáris a lakott terület km2-éből (0.1 km2 = 100 pt, 30 km2 = 0 pt). Végső raw érték: max(tkv_score; min(walk_score; 60)). Min-max lineáris rescaling: minimum = Érd (0 pt), maximum = Budapest VII. kerület (100 pt).","indexpont (0-100)","Budapest VII. kerület (legsűrűbb BKK-hálózat; rescaling referencia-maximum = 100 pt)","Érd (nagy kiterjedésű, laza szerkezetű elővárosi terület, gyenge helyi tranzit; rescaling referencia-minimum = 0 pt)","Pozitív irányú (magasabb érték = jobb tömegközlekedési ellátottság és/vagy kompaktabb, gyalogosan bejárható lakott terület)"
"transport_frequency_index","Tömegközlekedési járatsűrűség-index (járási székhely)","A mutató azt fejezi ki, hány tömegközlekedési járat köti össze egy átlagos hétköznapon a települést a saját járási székhelyével. A magas érték sűrű, rendszeres összeköttetést jelent a közigazgatási és szolgáltató-centrum felé, az alacsony érték pedig gyenge vagy hiányzó kötődést.","Elérhetőség és közlekedés","Volánbusz GTFS (21 regionális feed; 2026. május); MÁV GTFS (gtfsMavMenetrend.zip; 2026. május); OpenStreetMap - járási székhely-hozzárendelés (admin_level=7, 174 járás)","https://gtfs.menetrendek.hu; https://www.mavcsoport.hu/mav/menetrendek; https://www.openstreetmap.org","Mintanap: 2026-05-19 (kedd), GTFS calendar.txt / calendar_dates.txt alapján aktív service_id-k szűrésével. Volánbusz: stop_name első vesszőig tartó prefix-egyeztetéssel azonosítja a megállókat; aktív tripek száma amelyek mindkét helyen (település + székhely) megállnak. MÁV: azonos logika, kétirányos adatolás miatt az értéket 2-vel osztja, majd 40-nél korlátozza. Összesítés: napi_jaratok = Volánbusz + korrigált MÁV. Pontozás: pont = log2(n + 1) / log2(41) x 100, max 100. Különleges esetek: járási székhely maga és Budapest kerületek automatikusan 100 pontot kapnak.","indexpont (0-100)","40 vagy több napi járat a járási székhely felé (log2-skálán telítési pont); vagy a settlement maga a járási székhely; vagy Budapest kerülete","Egyetlen járat sem közlekedik a járási székhely felé az adott mintanapon","Pozitív irányú (magasabb érték = sűrűbb, rendszeresebb összeköttetés a járás közigazgatási centrumával)"
"district_seat_access_index","Járásszékhely autós elérhetőségi indexe","A mutató azt fejezi ki, mennyi ideig tart közúton eljutni a járásszékhelyre a leggyorsabb útvonalon. Az alacsony menetidő - és ezzel a magas pontszám - közvetlen hozzáférést jelent a közigazgatási, egészségügyi és kereskedelmi szolgáltatásokhoz, amelyek jellemzően a járásközpontban koncentrálódnak.","Elérhetőség és közlekedés","KSH TEIR / TSTAR - járásszékhely elérési ideje közúton (perc), 2022","https://www.teir.hu","Nyers menetidő-adat (perc) közvetlen felhasználása, GIS-feldolgozás nélkül. Budapest kerületek esetén a járásszékhely maga Budapest (0 perc, 100 pont). Normalizálás: lineáris, score = (60 - perc) / 60 x 100, [0, 100]-ra csonkítva. A 60 perces felső horgony az adathalmazban megfigyelt valós maximum.","indexpont (0-100)","0 perc menetidő (a settlement maga a járásszékhely, vagy Budapest kerület)","60 perc vagy több menetidő a járásszékhelyre","Negatív irányú bemeneti adat, pozitív irányú index (magasabb pontszám = rövidebb menetidő = jobb elérhetőség)"
"budapest_access_index","Budapest autós elérhetőségi indexe","A mutató azt fejezi ki, mennyi ideig tart közúton eljutni Budapestre a leggyorsabb útvonalon. A magas pontszám közvetlen fővárosi kapcsolatot jelent (munkaerőpiac, repülőtér, országos intézmények), az alacsony pontszám erős földrajzi perifériahelyzetet.","Elérhetőség és közlekedés","KSH TEIR / TSTAR - Budapest elérési ideje közúton (perc), 2022","https://www.teir.hu","Nyers menetidő-adat közvetlen felhasználása, GIS-feldolgozás nélkül. Budapest kerületek esetén 0 perc (100 pont). Normalizálás: lineáris, score = (237 - perc) / 237 x 100, [0, 100]-ra csonkítva. A 237 perces felső horgony az adathalmazban megfigyelt valós maximum (Kishódos, Szabolcs-Szatmár-Bereg megye).","indexpont (0-100)","0 perc menetidő (Budapest kerületek)","237 perc vagy több (Kishódos - a legtávolabbi magyarországi település Budapesttől közúton)","Negatív irányú bemeneti adat, pozitív irányú index (magasabb pontszám = rövidebb menetidő = jobb budapesti elérhetőség)"
"cultural_index","Kulturális élet index","A mutató a település kulturális kínálatát és a tényleges részvételi aktivitást fejezi ki négy egyenlő súlyú komponens alapján: mozitermek száma, színházak száma, települési könyvtárak száma, és a rendszeres művelődési formákban résztvevők száma (szakkörök, kórusok, tánccsoportok, irodalmi körök stb.). A végső érték a négy 0-100-as alindex átlaga.","Helyi szolgáltatások","KSH TEIR / TSTAR - mozitermek (TAAL104, 2024); színházak (TAAL700, 2024); települési könyvtárak (TAAL005, 2023); rendszeres művelődési formákban résztvevők (TAAL602, 2024)","https://www.teir.hu","Négy alindex mindegyike log-normalizált: log(érték + 1) / log(cap) x 100, CLAMP(0, 100). Capek (p95 alapján): mozitermek = 13, színház = 4, könyvtár = 5, résztvevők = 610 fő. Végső index = (mozi_score + szinhaz_score + konyvtar_score + aktivitas_score) / 4. Nincs GIS-komponens, kizárólag TEIR táblaadatok.","indexpont (0-100)","Minden komponens eléri a cap értékét: >= 13 moziterem, >= 4 színház, >= 5 könyvtár, >= 610 rendszeres résztvevő","Mind a négy komponens nulla (~31 település, ~1%)","Pozitív irányú (magasabb érték = gazdagabb kulturális kínálat és aktívabb részvétel)"
"groceries_index","Kiskereskedelmi ellátottsági index","A mutató azt fejezi ki, milyen közel és milyen választékban érhetők el a nagy élelmiszer-diszkontláncok az adott településről. Az alappont a legközelebbi üzlet légvonalbeli távolságán alapul, a bónusz az 5 km-es körzetben elérhető különböző brandek számát jutalmazza.","Helyi szolgáltatások","OpenStreetMap - üzlet-poligonok (shop=supermarket/discount; Aldi, Lidl, Tesco, Spar, Penny, Auchan; 1217 üzlet, 2025)","https://www.openstreetmap.org","OSM Polygon/MultiPolygon centroid számítása (cipőfűző-formula) -> WGS84 -> EOV transzformáció (Helmert + TM, EPSG:23700) -> S_base: legközelebbi üzlet légvonalbeli távolsága (<= 2 km = 60 pt, >= 20 km = 0 pt, között lineáris); S_variety: egyedi brandek száma 5 km-es körzetben -> max(0, min(40, (N-1)x10)); végső index = min(100, S_base + S_variety).","indexpont (0-100)","Legalább 1 üzlet <= 2 km-en belül (S_base = 60) + 5 különböző brand 5 km-en belül (S_variety = 40)","Egyetlen ismert lánc sincs 20 km-en belül","Pozitív irányú (magasabb érték = jobb ellátottság és választék)"
"sport_index","Sport és rekreáció index","A mutató azt fejezi ki, milyen gazdag és sokszínű sportolási lehetőség érhető el az adott településen: hányféle sportágat lehet szervezett keretek között gyakorolni, és milyen sűrűn találhatók fizikai sportlétesítmények a közelben. 0-100-as lineáris skálára normalizálva.","Helyi szolgáltatások","NSR - Nemzeti Sportinformációs Rendszer (8294 aktív egyesület, 2026. május); OpenStreetMap - sportlétesítmények (Overpass API, 20 681 objektum, 2025)","https://msir.sport.hu; https://www.openstreetmap.org","Két alindex 50-50% súllyal. (1) Sportágak sokfélesége: az adott településen bejegyzett aktív egyesületek Sportágak mezőjéből kinyert egyedi sportágak száma (vesszővel elválasztott lista, deduplikálva; Budapest: az összes fővárosi egyedi sportág összesítve, 159 db). (2) Létesítménysűrűség: OSM sportlétesítmények száma a település centroidjától mért 3 km-es körzetben. Mindkét alindex log-normalizált (0-100). Végső index = 0.5 x sportág_index + 0.5 x létesítmény_index.","indexpont (0-100)","159 egyedi sportág és >= 530 OSM létesítmény 3 km-en belül (budapesti referencia-maximum)","0 sportág és 0 létesítmény 3 km-en belül","Pozitív irányú (magasabb érték = több és sokszínűbb sportolási lehetőség)"
"gastro_index","Gasztro és vendéglátás jelenlét index","A mutató a település lakott területén belül elérhető vendéglátóhelyek számát és sűrűségét fejezi ki. A magas érték élénk, sokszínű gasztrokínálatot jelent, az alacsony érték vendéglátóhely-szegény környezetet.","Helyi szolgáltatások","OpenStreetMap - vendéglátóhelyek (amenity=restaurant/cafe/pub/bar/bakery/fast_food; Overpass API, 22 365 POI, 2025)","https://www.openstreetmap.org","OSM POI-k WGS84 -> EOV koordináta-transzformációja (Helmert + TM, EPSG:23700) -> point-in-polygon hozzárendelés a lakott területek poligonjaihoz -> Budapest kerületenként külön kezelve -> raw POI-darabszám per település -> log1p normalizálás 0-100-ra.","indexpont (0-100)","Budapest belvárosi szintű gasztrosűrűség (log1p skálán a szélső maximum)","Nincs regisztrált vendéglátóhely a település lakott területén belül","Pozitív irányú lineáris (több és változatosabb hely = magasabb pontszám)"
"senior_index","65 év feletti lakosság aránya (Senior Index)","A település korszerkezetének elöregedettségét kifejező mutató: a 65 év feletti lakosság aránya a teljes népességen belül, 1-100-as lineáris skálára normalizálva. Az alacsony érték fiatalosabb korszerkezetet jelez.","Társadalom és demográfia","KSH Népszámlálás 2022","https://www.ksh.hu/nepszamlalas_2022","Nincs GIS-komponens; kizárólag táblaadatból számított. Képlet: fo_65_felett / lakossag_osszesen. Min-max normalizálás az országos szélsőértékek között: 1 + (arány - 0.0225) / (0.6667 - 0.0225) x 99. Budapest kerületek római számos névformátummal (pl. II. kerület).","indexpont (1-100)","Legmagasabb 65+ arány a hazai mintában (66.67%)","Legalacsonyabb 65+ arány a hazai mintában (2.25%)","Negatív irányú lineáris (alacsonyabb index = fiatalosabb korszerkezet)"
"diploma_index","Diplomások normalizált indexe","A település humántőkéjét tükröző mutató, amely a diplomások arányát fejezi ki a 7 év feletti lakosság körében, a valós hazai szélsőértékekhez (0%-54.82%) igazított relatív 0-100-as skálán.","Társadalom és demográfia","KSH Népszámlálás 2022","https://www.ksh.hu/nepszamlalas_2022","Nincs GIS-komponens; kizárólag táblaadatból számított. Képlet: diplomások / 7 év feletti lakos. Min-max transzformáció: [(arány - 0.0) / (0.5482 - 0.0)] x 100.","indexpont (0-100)","54.82% vagy annál magasabb diplomás arány","0% diplomás arány","Pozitív irányú lineáris"
"real_estate_price_grow_5yrs_index","Ingatlanár-emelkedési index (5 év)","A lakás, ház és telek átlagos négyzetméterárának összesített százalékos változása a 2022. márciusi bázishoz képest a 2026. márciusi állapotig; az eredmény 0-100-as lineáris indexre transzformálva.","Gazdaság és munkaerőpiac","Helyi ingatlanpiaci adatbázis (márciusi árstatisztikák, 2022-2026)","","Nincs GIS-komponens; márciusonkénti átlagos Ft/m2 árak típusonként -> százalékos változás (2022-03 -> 2026-03) -> a három típus együttes növekedési ütemének összefoglalása (összesített ütem) -> lineáris pontszámozás az országos szélsőértékekhez igazítva.","indexpont (0-100)","A vizsgált időszakban mért legnagyobb országos összesített árnövekedési ütem","0% vagy negatív összesített árváltozás a vizsgált időszakban","Pozitív irányú lineáris"
"real_estate_price_avg5mth_index","Aktuális ingatlanár-szint (2025-2026)","A lakás, ház és telek összesített átlagos négyzetméterára a 2025. november és 2026. március közötti időszakban (több hónap átlagolt szintje), 0-100-as lineáris skálára normalizálva.","Gazdaság és munkaerőpiac","Helyi ingatlanpiaci adatbázis (2025.11-2026.03)","","Nincs GIS-komponens; havi átlagos Ft/m2 árak az adott öt hónapra típusonként aggregálva -> három típus összesített árszintje -> lineáris min-max normalizálás a települések közötti legalacsonyabb és legmagasabb összesített szinthez képest.","indexpont (0-100)","A hazai mintában mért legmagasabb összesített átlagos árszínvonal","A hazai mintában mért legalacsonyabb összesített átlagos árszínvonal","Pozitív irányú lineáris"
"sleeping_city_index","Alvóváros index","A mutató azt fejezi ki, hogy a településen élő foglalkoztatottak mekkora hányada ingázik el más településre dolgozni. A magas érték erős alvóváros-jelleget jelent (a lakók többsége máshol dolgozik), az alacsony érték azt jelzi, hogy a foglalkoztatottak helyben maradnak.","Gazdaság és munkaerőpiac","KSH Népszámlálás 2022 - WBS026 tábla (foglalkoztatott népesség településenként)","https://www.ksh.hu/nepszamlalas_2022","Nincs GIS-komponens; kizárólag táblaadatból számított. Képlet: más_településre_dolgozni_járó / összes_foglalkoztatott_lakos. Lineáris normalizálás: nyers arány x 100 (természetes 0-1 skála). Budapest kerületek a fővárosi összesített értéket kapják.","indexpont (0-100)","Az összes foglalkoztatott lakos más településre ingázik (kijárási arány = 100%)","Egyetlen foglalkoztatott sem ingázik el más településre (kijárási arány = 0%)","Negatív irányú lineáris (magasabb érték = erősebb alvóváros-jelleg)"
"jobs_index","Helyi munkalehetőség index","A mutató a település helyi munkaerőpiacának kapacitását fejezi ki: a helyi munkahelyek száma és a foglalkoztatott lakos száma közötti arányt méri. Az 1.0-s arány egyensúlyt jelent; az ennél magasabb érték munkaerő-vonzáskörzetre, az alacsonyabb erős kijárási nyomásra utal. 0-100-as indexen.","Gazdaság és munkaerőpiac","KSH Népszámlálás 2022 - WBS026 tábla (foglalkoztatott népesség településenként)","https://www.ksh.hu/nepszamlalas_2022","Nincs GIS-komponens; kizárólag táblaadatból számított. Képlet: helyben_foglalkoztatottak_száma / foglalkoztatott_lakos. Normalizálás: a nyers arány 2.0-nál van lekorlátozva (a 2.0 feletti értékek 100 pontot kapnak); skálázás: min(nyers_arány; 2.0) / 2.0 x 100. Budapest kerületek a fővárosi összesített értéket kapják.","indexpont (0-100)","A helyi munkahelyek száma legalább kétszerese a foglalkoztatott lakos számának (nyers arány >= 2.0; erős munkaerő-vonzásközpont)","Egyetlen helyi munkahely sincs a településen (helyben_foglalkoztatottak = 0)","Pozitív irányú lineáris (magasabb érték = több helyi munkalehetőség)"
"turism_index","Turizmus index","A mutató a 2024-es települési idegenforgalmi adó (IFA) lakosonkénti bevételéből indul (ezer Ft/fő), és 0-100 ponton mutatja, mennyire intenzív a szálláshelyhez kötött vendégforgalom az állandó lakossághoz képest.","Gazdaság és munkaerőpiac","Települési IFA-bevételek és állandó lakónépesség (2024)","","Nincs GIS-komponens; kizárólag táblaadatból számított. Képlet: IFA-bevétel / állandó lakónépesség -> Ft/fő -> 0-100-ra normalizálva.","indexpont (0-100)","Kiemelt turisztikai intenzitás (a mintában több település is 100 pont; nyers maximum kb. 151 eFt/fő)","0 eFt/fő (nincs mért IFA-bevétel)","Pozitív irányú (több adó/fő = magasabb pont)"
"school_proximity_index","School Proximity Index","A mutató négy iskolakategóriára – általános iskola (sima), általános iskola (alternatív), gimnázium (sima), gimnázium (alternatív) – megadja, hogy hány intézmény érhető el a lakott terület határától számított 0, 5, 10, 15, 20, 25, 30, 35, 40, 45 és 50 km-es körzetben (kumulatív), valamint a legközelebbi iskola közúti távolságát km-ben és nevét. A 0 km-es kör a lakott területen belül elhelyezkedő iskolákat jelenti.","Helyi szolgáltatások","Oktatási Hivatal – Köznevelési Intézményi Törzsadattár (5 230 intézmény, OM-azonosítókkal, 2025); Nominatim / OSM geocoding (újrageokódolva 2025); OSRM Open Source Routing Machine (közúti távolság)","https://www.oktatas.hu; https://nominatim.openstreetmap.org; http://project-osrm.org","1. Intézmények szűrése: altalanos_iskola=1 / gimnazium=1 × alternativ=0/1 jelzők alapján (egy iskola több kategóriában is szerepelhet). 2. Vetítés: iskola-koordináták WGS84 → EOV (EPSG:23700). 3. Távolság alap: shapely polygon.distance(pont) a lakott terület poligonjától (magyarorszagi_telepulesek_lakott_teruletei.gpkg, réteg: budapesttel) – belső pont távolsága 0. 4. Kumulatív körök: az egyes sugárértékeknél (0–50 km) a feltételt teljesítő iskolák száma és neve. 5. Legközelebbi iskola: top 3 egyenes-vonalú jelölt → párhuzamos OSRM route/v1/driving lekérdezés → legkisebb közúti km és az ahhoz tartozó iskolanév.","db (körönként kumulatív iskolaszám); km (legközelebbi közúton)","Nem normalizált nyers adat – közvetlenül szűrőfeltételként és közelség-pontszám alapjaként használható","Nem normalizált nyers adat","Szűrőfeltételként alkalmazható (iskolaszám és közúti távolság alapján); nagyobb értékkülönbségek súlyozáshoz is felhasználhatók"
"telepules_nev_egysegesites","Településnév – Budapest kerületek (közös tábla)","Összefésüléskor a domborzat-index településlistájához igazítás: Budapest előtagos kerületnév ugyanaz mint a római számos kerületnév. Ha egy FINAL csak egy összesítő Budapest sort tartalmaz kerületi sorok nélkül ugyanaz az érték a 23 kerület minden sorára másolódik. Nem súlyozandó meta sor.","Meta (adatintegráció)","","","","","","",""
